"","x"
"1","DC"
"2","Monocytes"
"3","Monocytes"
"4","B"
"5","Monocytes"
"6","B"
"7","Monocytes"
"8","B"
"9","B"
"10","B"
"11","B"
"12","B"
"13","B"
"14","B"
"15","B"
"16","B"
"17","B"
"18","DC"
"19","DC"
"20","B"
"21","Monocytes"
"22","Monocytes"
"23","Effector CD8+ T"
"24","B"
"25","B"
"26","Monocytes"
"27","B"
"28","B"
"29","Monocytes"
"30","Monocytes"
"31","unknown"
"32","B"
"33","B"
"34","B"
"35","B"
"36","DC"
"37","B"
"38","B"
"39","B"
"40","Naive CD4+ T"
"41","Monocytes"
"42","unknown"
"43","B"
"44","B"
"45","Monocytes"
"46","DC"
"47","Monocytes"
"48","Monocytes"
"49","Monocytes"
"50","B"
"51","B"
"52","B"
"53","B"
"54","NK"
"55","B"
"56","Monocytes"
"57","Monocytes"
"58","NK"
"59","B"
"60","DC"
"61","Monocytes"
"62","DC"
"63","Monocytes"
"64","Monocytes"
"65","Monocytes"
"66","DC"
"67","Monocytes"
"68","B"
"69","B"
"70","B"
"71","Effector CD8+ T"
"72","Monocytes"
"73","Monocytes"
"74","Monocytes"
"75","B"
"76","Monocytes"
"77","Monocytes"
"78","NK"
"79","B"
"80","B"
"81","Monocytes"
"82","B"
"83","B"
"84","Monocytes"
"85","Monocytes"
"86","Monocytes"
"87","DC"
"88","B"
"89","Monocytes"
"90","B"
"91","Monocytes"
"92","Naive CD8+ T"
"93","B"
"94","Monocytes"
"95","Effector CD4+ T"
"96","unknown"
"97","Monocytes"
"98","B"
"99","B"
"100","Monocytes"
"101","Monocytes"
"102","Monocytes"
"103","NK"
"104","Monocytes"
"105","Monocytes"
"106","DC"
"107","Monocytes"
"108","Effector CD8+ T"
"109","Monocytes"
"110","B"
"111","DC"
"112","DC"
"113","B"
"114","Monocytes"
"115","Monocytes"
"116","Monocytes"
"117","Monocytes"
"118","DC"
"119","DC"
"120","NK"
"121","NK"
"122","B"
"123","B"
"124","B"
"125","Monocytes"
"126","Monocytes"
"127","Monocytes"
"128","Naive CD8+ T"
"129","Monocytes"
"130","Monocytes"
"131","B"
"132","B"
"133","NK"
"134","Monocytes"
"135","Monocytes"
"136","Monocytes"
"137","NK"
"138","Monocytes"
"139","B"
"140","Monocytes"
"141","Monocytes"
"142","Monocytes"
"143","B"
"144","B"
"145","B"
"146","Naive CD4+ T"
"147","Monocytes"
"148","Monocytes"
"149","Monocytes"
"150","DC"
"151","DC"
"152","B"
"153","Monocytes"
"154","DC"
"155","NK"
"156","Monocytes"
"157","Monocytes"
"158","B"
"159","B"
"160","NK"
"161","B"
"162","Monocytes"
"163","B"
"164","DC"
"165","B"
"166","Monocytes"
"167","Monocytes"
"168","Monocytes"
"169","B"
"170","Effector CD8+ T"
"171","Monocytes"
"172","Monocytes"
"173","Naive CD4+ T"
"174","Effector CD4+ T"
"175","Naive CD4+ T"
"176","Monocytes"
"177","DC"
"178","Monocytes"
"179","Naive CD8+ T"
"180","Monocytes"
"181","Monocytes"
"182","Naive CD4+ T"
"183","DC"
"184","NK"
"185","Monocytes"
"186","NK"
"187","B"
"188","Naive CD8+ T"
"189","B"
"190","Naive CD8+ T"
"191","Monocytes"
"192","Effector CD4+ T"
"193","Monocytes"
"194","Monocytes"
"195","B"
"196","DC"
"197","Naive CD4+ T"
"198","Monocytes"
"199","B"
"200","B"
"201","Monocytes"
"202","B"
"203","B"
"204","B"
"205","B"
"206","Monocytes"
"207","DC"
"208","DC"
"209","DC"
"210","B"
"211","Effector CD8+ T"
"212","Naive CD4+ T"
"213","B"
"214","B"
"215","NK"
"216","B"
"217","Effector CD4+ T"
"218","Monocytes"
"219","Effector CD8+ T"
"220","Monocytes"
"221","B"
"222","B"
"223","NK"
"224","DC"
"225","B"
"226","NK"
"227","DC"
"228","B"
"229","B"
"230","Monocytes"
"231","DC"
"232","Monocytes"
"233","NK"
"234","Monocytes"
"235","Naive CD4+ T"
"236","Monocytes"
"237","Monocytes"
"238","B"
"239","Monocytes"
"240","B"
"241","DC"
"242","Monocytes"
"243","B"
"244","DC"
"245","B"
"246","Effector CD4+ T"
"247","B"
"248","Monocytes"
"249","Effector CD4+ T"
"250","B"
"251","Monocytes"
"252","DC"
"253","Monocytes"
"254","Naive CD4+ T"
"255","NK"
"256","Monocytes"
"257","Monocytes"
"258","Monocytes"
"259","Effector CD8+ T"
"260","Monocytes"
"261","DC"
"262","DC"
"263","Monocytes"
"264","B"
"265","Monocytes"
"266","Monocytes"
"267","Effector CD4+ T"
"268","unknown"
"269","DC"
"270","DC"
"271","Naive CD4+ T"
"272","Monocytes"
"273","NK"
"274","Naive CD8+ T"
"275","B"
"276","DC"
"277","Monocytes"
"278","B"
"279","DC"
"280","Monocytes"
"281","Monocytes"
"282","B"
"283","B"
"284","Monocytes"
"285","Effector CD8+ T"
"286","B"
"287","B"
"288","Monocytes"
"289","Naive CD4+ T"
"290","Monocytes"
"291","NK"
"292","DC"
"293","Monocytes"
"294","Effector CD4+ T"
"295","Naive CD4+ T"
"296","Monocytes"
"297","B"
"298","NK"
"299","Naive CD4+ T"
"300","Monocytes"
"301","Naive CD4+ T"
"302","Monocytes"
"303","Naive CD4+ T"
"304","B"
"305","Naive CD4+ T"
"306","B"
"307","Naive CD8+ T"
"308","B"
"309","Monocytes"
"310","Monocytes"
"311","Naive CD4+ T"
"312","B"
"313","Naive CD8+ T"
"314","DC"
"315","DC"
"316","Effector CD4+ T"
"317","Monocytes"
"318","B"
"319","Effector CD8+ T"
"320","NK"
"321","Effector CD8+ T"
"322","Monocytes"
"323","Monocytes"
"324","Naive CD8+ T"
"325","Monocytes"
"326","Monocytes"
"327","Monocytes"
"328","Effector CD4+ T"
"329","Monocytes"
"330","Naive CD8+ T"
"331","B"
"332","B"
"333","NK"
"334","NK"
"335","unknown"
"336","NK"
"337","Monocytes"
"338","B"
"339","Effector CD8+ T"
"340","Effector CD4+ T"
"341","Monocytes"
"342","Effector CD8+ T"
"343","Effector CD4+ T"
"344","unknown"
"345","Effector CD8+ T"
"346","Monocytes"
"347","Naive CD8+ T"
"348","Monocytes"
"349","B"
"350","Naive CD8+ T"
"351","Naive CD8+ T"
"352","B"
"353","NK"
"354","Monocytes"
"355","B"
"356","Monocytes"
"357","Naive CD4+ T"
"358","Naive CD4+ T"
"359","Effector CD8+ T"
"360","NK"
"361","Naive CD8+ T"
"362","Naive CD4+ T"
"363","Naive CD8+ T"
"364","Monocytes"
"365","Monocytes"
"366","Monocytes"
"367","NK"
"368","NK"
"369","Monocytes"
"370","Effector CD8+ T"
"371","B"
"372","Effector CD4+ T"
"373","B"
"374","Monocytes"
"375","B"
"376","Effector CD4+ T"
"377","B"
"378","NK"
"379","Monocytes"
"380","B"
"381","B"
"382","Naive CD8+ T"
"383","B"
"384","NK"
"385","Effector CD8+ T"
"386","NK"
"387","Monocytes"
"388","Effector CD4+ T"
"389","DC"
"390","Naive CD4+ T"
"391","B"
"392","B"
"393","Effector CD4+ T"
"394","B"
"395","Naive CD8+ T"
"396","B"
"397","DC"
"398","Monocytes"
"399","Monocytes"
"400","unknown"
"401","B"
"402","Naive CD4+ T"
"403","B"
"404","Naive CD8+ T"
"405","Monocytes"
"406","B"
"407","NK"
"408","NK"
"409","Monocytes"
"410","Monocytes"
"411","Naive CD4+ T"
"412","NK"
"413","Monocytes"
"414","Naive CD8+ T"
"415","Naive CD4+ T"
"416","Monocytes"
"417","Naive CD4+ T"
"418","NK"
"419","Monocytes"
"420","B"
"421","Naive CD8+ T"
"422","Naive CD4+ T"
"423","NK"
"424","B"
"425","Naive CD4+ T"
"426","NK"
"427","DC"
"428","Monocytes"
"429","Naive CD4+ T"
"430","NK"
"431","Effector CD8+ T"
"432","Monocytes"
"433","Effector CD8+ T"
"434","Effector CD4+ T"
"435","B"
"436","B"
"437","B"
"438","B"
"439","unknown"
"440","B"
"441","B"
"442","DC"
"443","NK"
"444","NK"
"445","Monocytes"
"446","B"
"447","B"
"448","Monocytes"
"449","Naive CD4+ T"
"450","Naive CD8+ T"
"451","DC"
"452","Naive CD4+ T"
"453","Naive CD4+ T"
"454","Naive CD8+ T"
"455","NK"
"456","Naive CD4+ T"
"457","Monocytes"
"458","B"
"459","unknown"
"460","Effector CD4+ T"
"461","DC"
"462","Effector CD4+ T"
"463","Effector CD8+ T"
"464","B"
"465","Effector CD4+ T"
"466","Monocytes"
"467","B"
"468","NK"
"469","Naive CD4+ T"
"470","Monocytes"
"471","Naive CD8+ T"
"472","B"
"473","NK"
"474","B"
"475","Effector CD8+ T"
"476","NK"
"477","Monocytes"
"478","Effector CD4+ T"
"479","Effector CD4+ T"
"480","Naive CD4+ T"
"481","DC"
"482","NK"
"483","Naive CD8+ T"
"484","Effector CD4+ T"
"485","Effector CD8+ T"
"486","Naive CD4+ T"
"487","Naive CD8+ T"
"488","B"
"489","B"
"490","Effector CD8+ T"
"491","Effector CD8+ T"
"492","Naive CD8+ T"
"493","NK"
"494","B"
"495","Naive CD4+ T"
"496","NK"
"497","B"
"498","B"
"499","NK"
"500","Naive CD4+ T"
"501","Effector CD4+ T"
"502","Naive CD4+ T"
"503","Naive CD4+ T"
"504","Effector CD4+ T"
"505","Effector CD8+ T"
"506","Effector CD4+ T"
"507","Monocytes"
"508","Effector CD4+ T"
"509","Naive CD8+ T"
"510","Naive CD4+ T"
"511","NK"
"512","NK"
"513","Naive CD4+ T"
"514","Naive CD4+ T"
"515","Monocytes"
"516","B"
"517","Naive CD8+ T"
"518","Monocytes"
"519","Effector CD4+ T"
"520","Effector CD4+ T"
"521","NK"
"522","Monocytes"
"523","Effector CD4+ T"
"524","NK"
"525","Effector CD8+ T"
"526","Naive CD8+ T"
"527","Monocytes"
"528","Naive CD8+ T"
"529","Naive CD8+ T"
"530","B"
"531","Effector CD4+ T"
"532","Naive CD4+ T"
"533","B"
"534","NK"
"535","Effector CD8+ T"
"536","Monocytes"
"537","B"
"538","Effector CD4+ T"
"539","B"
"540","Naive CD8+ T"
"541","B"
"542","B"
"543","Monocytes"
"544","Naive CD8+ T"
"545","Effector CD8+ T"
"546","NK"
"547","Naive CD4+ T"
"548","Naive CD4+ T"
"549","Naive CD4+ T"
"550","Naive CD4+ T"
"551","Monocytes"
"552","Monocytes"
"553","B"
"554","Naive CD4+ T"
"555","NK"
"556","NK"
"557","Naive CD8+ T"
"558","Monocytes"
"559","unknown"
"560","Naive CD8+ T"
"561","Monocytes"
"562","DC"
"563","DC"
"564","Monocytes"
"565","Naive CD4+ T"
"566","Monocytes"
"567","NK"
"568","Monocytes"
"569","B"
"570","Naive CD4+ T"
"571","Monocytes"
"572","NK"
"573","B"
"574","Monocytes"
"575","B"
"576","Naive CD8+ T"
"577","Naive CD4+ T"
"578","NK"
"579","Effector CD8+ T"
"580","unknown"
"581","Effector CD8+ T"
"582","B"
"583","B"
"584","Naive CD8+ T"
"585","Naive CD8+ T"
"586","Naive CD4+ T"
"587","Naive CD4+ T"
"588","NK"
"589","B"
"590","Effector CD4+ T"
"591","B"
"592","NK"
"593","Naive CD4+ T"
"594","B"
"595","Naive CD4+ T"
"596","Naive CD4+ T"
"597","Naive CD4+ T"
"598","Effector CD4+ T"
"599","Naive CD4+ T"
"600","B"
"601","DC"
"602","Monocytes"
"603","Naive CD8+ T"
"604","Effector CD4+ T"
"605","Effector CD4+ T"
"606","Naive CD8+ T"
"607","Effector CD8+ T"
"608","Effector CD4+ T"
"609","Monocytes"
"610","Naive CD4+ T"
"611","Naive CD4+ T"
"612","B"
"613","Monocytes"
"614","NK"
"615","Naive CD4+ T"
"616","NK"
"617","B"
"618","B"
"619","Naive CD4+ T"
"620","Effector CD8+ T"
"621","Monocytes"
"622","B"
"623","unknown"
"624","B"
"625","Effector CD4+ T"
"626","DC"
"627","NK"
"628","Naive CD4+ T"
"629","B"
"630","Naive CD8+ T"
"631","Effector CD8+ T"
"632","Naive CD8+ T"
"633","unknown"
"634","B"
"635","Naive CD8+ T"
"636","B"
"637","Monocytes"
"638","Naive CD4+ T"
"639","Naive CD4+ T"
"640","B"
"641","Naive CD4+ T"
"642","B"
"643","Effector CD8+ T"
"644","Naive CD4+ T"
"645","B"
"646","Naive CD8+ T"
"647","Naive CD4+ T"
"648","Monocytes"
"649","Effector CD8+ T"
"650","Effector CD4+ T"
"651","Monocytes"
"652","Naive CD4+ T"
"653","Naive CD4+ T"
"654","B"
"655","NK"
"656","Monocytes"
"657","B"
"658","Effector CD4+ T"
"659","Naive CD8+ T"
"660","Monocytes"
"661","Monocytes"
"662","Effector CD4+ T"
"663","NK"
"664","NK"
"665","B"
"666","Naive CD4+ T"
"667","B"
"668","Monocytes"
"669","Naive CD8+ T"
"670","NK"
"671","Monocytes"
"672","B"
"673","NK"
"674","DC"
"675","NK"
"676","Effector CD8+ T"
"677","Effector CD8+ T"
"678","Naive CD4+ T"
"679","NK"
"680","Effector CD8+ T"
"681","Naive CD4+ T"
"682","Naive CD4+ T"
"683","B"
"684","NK"
"685","B"
"686","Monocytes"
"687","B"
"688","DC"
"689","Effector CD4+ T"
"690","B"
"691","Naive CD8+ T"
"692","B"
"693","Naive CD4+ T"
"694","Naive CD4+ T"
"695","NK"
"696","Naive CD4+ T"
"697","unknown"
"698","Effector CD4+ T"
"699","NK"
"700","NK"
"701","Effector CD4+ T"
"702","Naive CD4+ T"
"703","NK"
"704","Naive CD8+ T"
"705","DC"
"706","Effector CD8+ T"
"707","Monocytes"
"708","B"
"709","B"
"710","B"
"711","Monocytes"
"712","unknown"
"713","Naive CD8+ T"
"714","Naive CD4+ T"
"715","Naive CD8+ T"
"716","Monocytes"
"717","Naive CD8+ T"
"718","Effector CD8+ T"
"719","Effector CD4+ T"
"720","Monocytes"
"721","DC"
"722","Effector CD8+ T"
"723","Effector CD4+ T"
"724","NK"
"725","Effector CD4+ T"
"726","Effector CD4+ T"
"727","Effector CD4+ T"
"728","Monocytes"
"729","unknown"
"730","Naive CD8+ T"
"731","Effector CD8+ T"
"732","Naive CD4+ T"
"733","Effector CD8+ T"
"734","Naive CD4+ T"
"735","Monocytes"
"736","NK"
"737","NK"
"738","NK"
"739","Monocytes"
"740","Effector CD4+ T"
"741","Monocytes"
"742","Monocytes"
"743","Monocytes"
"744","Naive CD4+ T"
"745","Naive CD4+ T"
"746","NK"
"747","Naive CD4+ T"
"748","Effector CD4+ T"
"749","Naive CD8+ T"
"750","Effector CD8+ T"
"751","unknown"
"752","Naive CD4+ T"
"753","NK"
"754","Naive CD4+ T"
"755","B"
"756","Naive CD8+ T"
"757","NK"
"758","Naive CD4+ T"
"759","NK"
"760","Effector CD4+ T"
"761","Naive CD4+ T"
"762","Naive CD8+ T"
"763","Naive CD8+ T"
"764","Effector CD4+ T"
"765","NK"
"766","NK"
"767","Effector CD4+ T"
"768","Effector CD4+ T"
"769","Naive CD8+ T"
"770","B"
"771","Naive CD8+ T"
"772","Naive CD4+ T"
"773","Monocytes"
"774","Monocytes"
"775","Effector CD4+ T"
"776","Naive CD4+ T"
"777","Effector CD8+ T"
"778","NK"
"779","B"
"780","B"
"781","Naive CD4+ T"
"782","Monocytes"
"783","Naive CD8+ T"
"784","NK"
"785","NK"
"786","B"
"787","Monocytes"
"788","Naive CD4+ T"
"789","Monocytes"
"790","Naive CD4+ T"
"791","NK"
"792","Naive CD4+ T"
"793","Naive CD4+ T"
"794","B"
"795","Effector CD4+ T"
"796","Effector CD4+ T"
"797","Effector CD8+ T"
"798","Effector CD4+ T"
"799","NK"
"800","Naive CD4+ T"
"801","NK"
"802","Naive CD8+ T"
"803","Naive CD4+ T"
"804","B"
"805","Effector CD4+ T"
"806","NK"
"807","Effector CD4+ T"
"808","Naive CD4+ T"
"809","Monocytes"
"810","Naive CD4+ T"
"811","Naive CD8+ T"
"812","B"
"813","Effector CD8+ T"
"814","Naive CD8+ T"
"815","NK"
"816","Naive CD4+ T"
"817","Effector CD4+ T"
"818","Naive CD4+ T"
"819","Effector CD4+ T"
"820","NK"
"821","Naive CD8+ T"
"822","Naive CD4+ T"
"823","Effector CD4+ T"
"824","Naive CD8+ T"
"825","Monocytes"
"826","Naive CD8+ T"
"827","Naive CD4+ T"
"828","Effector CD4+ T"
"829","Naive CD8+ T"
"830","NK"
"831","B"
"832","unknown"
"833","Naive CD4+ T"
"834","Naive CD4+ T"
"835","Effector CD4+ T"
"836","B"
"837","DC"
"838","Naive CD4+ T"
"839","Monocytes"
"840","Effector CD4+ T"
"841","unknown"
"842","NK"
"843","unknown"
"844","Naive CD4+ T"
"845","Naive CD4+ T"
"846","Effector CD8+ T"
"847","Naive CD4+ T"
"848","NK"
"849","DC"
"850","Naive CD4+ T"
"851","B"
"852","Naive CD4+ T"
"853","B"
"854","Naive CD8+ T"
"855","Naive CD8+ T"
"856","Naive CD4+ T"
"857","Naive CD4+ T"
"858","Naive CD8+ T"
"859","Naive CD4+ T"
"860","Effector CD8+ T"
"861","Naive CD4+ T"
"862","Monocytes"
"863","Naive CD8+ T"
"864","Naive CD4+ T"
"865","Effector CD8+ T"
"866","Effector CD4+ T"
"867","NK"
"868","Naive CD4+ T"
"869","NK"
"870","Naive CD4+ T"
"871","Effector CD4+ T"
"872","Naive CD4+ T"
"873","Naive CD8+ T"
"874","NK"
"875","B"
"876","B"
"877","Effector CD4+ T"
"878","Naive CD4+ T"
"879","B"
"880","Naive CD4+ T"
"881","Naive CD4+ T"
"882","unknown"
"883","Effector CD4+ T"
"884","NK"
"885","Monocytes"
"886","NK"
"887","Effector CD8+ T"
"888","unknown"
"889","NK"
"890","Naive CD8+ T"
"891","Naive CD4+ T"
"892","Effector CD4+ T"
"893","DC"
"894","Naive CD4+ T"
"895","DC"
"896","Effector CD4+ T"
"897","Monocytes"
"898","Monocytes"
"899","B"
"900","Naive CD4+ T"
"901","Effector CD8+ T"
"902","Effector CD8+ T"
"903","Naive CD8+ T"
"904","Naive CD4+ T"
"905","Effector CD8+ T"
"906","Naive CD8+ T"
"907","B"
"908","NK"
"909","Naive CD8+ T"
"910","Effector CD8+ T"
"911","Naive CD4+ T"
"912","Naive CD8+ T"
"913","Effector CD4+ T"
"914","NK"
"915","Naive CD4+ T"
"916","unknown"
"917","NK"
"918","Naive CD8+ T"
"919","Naive CD4+ T"
"920","Naive CD8+ T"
"921","B"
"922","Naive CD4+ T"
"923","NK"
"924","Effector CD8+ T"
"925","Naive CD4+ T"
"926","Monocytes"
"927","Naive CD4+ T"
"928","Naive CD8+ T"
"929","Naive CD4+ T"
"930","unknown"
"931","Monocytes"
"932","Monocytes"
"933","Naive CD4+ T"
"934","Effector CD8+ T"
"935","Effector CD4+ T"
"936","Naive CD4+ T"
"937","Effector CD4+ T"
"938","B"
"939","Naive CD4+ T"
"940","NK"
"941","unknown"
"942","NK"
"943","Naive CD4+ T"
"944","NK"
"945","B"
"946","NK"
"947","Effector CD8+ T"
"948","Naive CD4+ T"
"949","Naive CD4+ T"
"950","Monocytes"
"951","Naive CD4+ T"
"952","Monocytes"
"953","Naive CD4+ T"
"954","Effector CD4+ T"
"955","Effector CD8+ T"
"956","NK"
"957","NK"
"958","Naive CD8+ T"
"959","Naive CD4+ T"
"960","Naive CD4+ T"
"961","Naive CD4+ T"
"962","NK"
"963","NK"
"964","unknown"
"965","Naive CD4+ T"
"966","Naive CD8+ T"
"967","Effector CD4+ T"
"968","NK"
"969","Naive CD8+ T"
"970","Naive CD8+ T"
"971","Monocytes"
"972","B"
"973","Effector CD8+ T"
"974","Effector CD4+ T"
"975","Naive CD8+ T"
"976","Effector CD4+ T"
"977","Naive CD4+ T"
"978","B"
"979","B"
"980","Naive CD4+ T"
"981","unknown"
"982","NK"
"983","Monocytes"
"984","NK"
"985","NK"
"986","Effector CD4+ T"
"987","Naive CD4+ T"
"988","Naive CD4+ T"
"989","Naive CD4+ T"
"990","Naive CD4+ T"
"991","Naive CD8+ T"
"992","B"
"993","Monocytes"
"994","Monocytes"
"995","Naive CD8+ T"
"996","Naive CD4+ T"
"997","Naive CD8+ T"
"998","Naive CD4+ T"
"999","Effector CD8+ T"
"1000","Naive CD8+ T"
"1001","NK"
"1002","NK"
"1003","Monocytes"
"1004","Naive CD4+ T"
"1005","Effector CD4+ T"
"1006","Effector CD4+ T"
"1007","NK"
"1008","B"
"1009","Naive CD4+ T"
"1010","Naive CD4+ T"
"1011","Monocytes"
"1012","Effector CD8+ T"
"1013","Effector CD4+ T"
"1014","Monocytes"
"1015","Effector CD8+ T"
"1016","B"
"1017","Monocytes"
"1018","Naive CD4+ T"
"1019","B"
"1020","Effector CD4+ T"
"1021","Effector CD4+ T"
"1022","Effector CD4+ T"
"1023","Effector CD8+ T"
"1024","Naive CD4+ T"
"1025","Naive CD4+ T"
"1026","NK"
"1027","Effector CD8+ T"
"1028","NK"
"1029","Effector CD8+ T"
"1030","NK"
"1031","Effector CD8+ T"
"1032","NK"
"1033","Effector CD8+ T"
"1034","Effector CD4+ T"
"1035","Monocytes"
"1036","unknown"
"1037","Naive CD8+ T"
"1038","Naive CD4+ T"
"1039","DC"
"1040","Effector CD4+ T"
"1041","Effector CD4+ T"
"1042","Naive CD4+ T"
"1043","DC"
"1044","Effector CD4+ T"
"1045","Monocytes"
"1046","NK"
"1047","Naive CD4+ T"
"1048","B"
"1049","unknown"
"1050","NK"
"1051","Monocytes"
"1052","Naive CD8+ T"
"1053","Naive CD4+ T"
"1054","Naive CD4+ T"
"1055","Effector CD4+ T"
"1056","Naive CD4+ T"
"1057","Naive CD4+ T"
"1058","Effector CD4+ T"
"1059","Effector CD4+ T"
"1060","Monocytes"
"1061","DC"
"1062","B"
"1063","Naive CD4+ T"
"1064","Naive CD8+ T"
"1065","Monocytes"
"1066","Naive CD4+ T"
"1067","Naive CD4+ T"
"1068","Naive CD8+ T"
"1069","Monocytes"
"1070","NK"
"1071","unknown"
"1072","Effector CD4+ T"
"1073","Naive CD4+ T"
"1074","unknown"
"1075","B"
"1076","Naive CD4+ T"
"1077","Naive CD8+ T"
"1078","Naive CD4+ T"
"1079","Naive CD4+ T"
"1080","Effector CD4+ T"
"1081","NK"
"1082","NK"
"1083","Monocytes"
"1084","Naive CD8+ T"
"1085","B"
"1086","Effector CD4+ T"
"1087","Effector CD4+ T"
"1088","NK"
"1089","Effector CD4+ T"
"1090","Naive CD4+ T"
"1091","Naive CD4+ T"
"1092","NK"
"1093","Naive CD8+ T"
"1094","Effector CD4+ T"
"1095","Monocytes"
"1096","unknown"
"1097","Naive CD4+ T"
"1098","Naive CD4+ T"
"1099","NK"
"1100","NK"
"1101","NK"
"1102","Naive CD4+ T"
"1103","Naive CD4+ T"
"1104","Effector CD4+ T"
"1105","Naive CD8+ T"
"1106","Effector CD8+ T"
"1107","Naive CD8+ T"
"1108","Effector CD4+ T"
"1109","NK"
"1110","Naive CD8+ T"
"1111","Naive CD4+ T"
"1112","NK"
"1113","Naive CD4+ T"
"1114","Effector CD4+ T"
"1115","Effector CD4+ T"
"1116","Effector CD4+ T"
"1117","Effector CD8+ T"
"1118","unknown"
"1119","Naive CD4+ T"
"1120","Naive CD4+ T"
"1121","Naive CD4+ T"
"1122","Naive CD4+ T"
"1123","Naive CD8+ T"
"1124","Naive CD8+ T"
"1125","Monocytes"
"1126","NK"
"1127","B"
"1128","Effector CD4+ T"
"1129","Naive CD8+ T"
"1130","Naive CD4+ T"
"1131","Naive CD4+ T"
"1132","Naive CD4+ T"
"1133","NK"
"1134","Naive CD4+ T"
"1135","Naive CD8+ T"
"1136","Naive CD4+ T"
"1137","Effector CD8+ T"
"1138","NK"
"1139","NK"
"1140","Naive CD4+ T"
"1141","Naive CD8+ T"
"1142","Naive CD4+ T"
"1143","NK"
"1144","Naive CD4+ T"
"1145","Naive CD4+ T"
"1146","Effector CD8+ T"
"1147","NK"
"1148","Naive CD4+ T"
"1149","Naive CD4+ T"
"1150","Effector CD8+ T"
"1151","unknown"
"1152","NK"
"1153","Effector CD8+ T"
"1154","Monocytes"
"1155","Naive CD4+ T"
"1156","Effector CD4+ T"
"1157","Naive CD4+ T"
"1158","Effector CD8+ T"
"1159","NK"
"1160","Monocytes"
"1161","DC"
"1162","Monocytes"
"1163","Naive CD4+ T"
"1164","B"
"1165","Effector CD4+ T"
"1166","Naive CD8+ T"
"1167","Naive CD4+ T"
"1168","NK"
"1169","Effector CD8+ T"
"1170","NK"
"1171","Effector CD4+ T"
"1172","NK"
"1173","Naive CD8+ T"
"1174","Naive CD8+ T"
"1175","Naive CD4+ T"
"1176","B"
"1177","Effector CD4+ T"
"1178","Monocytes"
"1179","Monocytes"
"1180","NK"
"1181","Effector CD4+ T"
"1182","Naive CD4+ T"
"1183","Naive CD4+ T"
"1184","Naive CD8+ T"
"1185","Effector CD4+ T"
"1186","Monocytes"
"1187","NK"
"1188","Naive CD4+ T"
"1189","Monocytes"
"1190","B"
"1191","unknown"
"1192","NK"
"1193","B"
"1194","Effector CD4+ T"
"1195","Effector CD4+ T"
"1196","Naive CD4+ T"
"1197","Naive CD4+ T"
"1198","NK"
"1199","Naive CD4+ T"
"1200","NK"
"1201","DC"
"1202","Effector CD4+ T"
"1203","Naive CD4+ T"
"1204","Naive CD8+ T"
"1205","Naive CD4+ T"
"1206","Naive CD4+ T"
"1207","Effector CD8+ T"
"1208","Naive CD4+ T"
"1209","Effector CD4+ T"
"1210","Effector CD4+ T"
"1211","Naive CD8+ T"
"1212","Monocytes"
"1213","Naive CD4+ T"
"1214","Monocytes"
"1215","B"
"1216","Naive CD4+ T"
"1217","Effector CD4+ T"
"1218","Naive CD8+ T"
"1219","Effector CD4+ T"
"1220","Naive CD4+ T"
"1221","Effector CD4+ T"
"1222","Effector CD4+ T"
"1223","Naive CD4+ T"
"1224","Effector CD4+ T"
"1225","Effector CD4+ T"
"1226","Effector CD4+ T"
"1227","Naive CD8+ T"
"1228","Monocytes"
"1229","Naive CD4+ T"
"1230","Naive CD8+ T"
"1231","NK"
"1232","Naive CD8+ T"
"1233","Naive CD4+ T"
"1234","Effector CD8+ T"
"1235","Naive CD8+ T"
"1236","Monocytes"
"1237","Effector CD4+ T"
"1238","Effector CD8+ T"
"1239","Naive CD4+ T"
"1240","Naive CD4+ T"
"1241","Naive CD8+ T"
"1242","Naive CD8+ T"
"1243","Naive CD8+ T"
"1244","Effector CD8+ T"
"1245","Naive CD8+ T"
"1246","NK"
"1247","NK"
"1248","Effector CD4+ T"
"1249","Effector CD8+ T"
"1250","Effector CD4+ T"
"1251","Naive CD4+ T"
"1252","Naive CD4+ T"
"1253","Effector CD4+ T"
"1254","B"
"1255","Naive CD4+ T"
"1256","NK"
"1257","B"
"1258","Naive CD4+ T"
"1259","NK"
"1260","Naive CD8+ T"
"1261","Naive CD4+ T"
"1262","Effector CD8+ T"
"1263","Naive CD4+ T"
"1264","Monocytes"
"1265","NK"
"1266","Effector CD8+ T"
"1267","DC"
"1268","Naive CD4+ T"
"1269","Naive CD8+ T"
"1270","Naive CD4+ T"
"1271","Naive CD8+ T"
"1272","Naive CD4+ T"
"1273","Naive CD8+ T"
"1274","NK"
"1275","Monocytes"
"1276","B"
"1277","NK"
"1278","Monocytes"
"1279","Monocytes"
"1280","Effector CD4+ T"
"1281","unknown"
"1282","B"
"1283","Naive CD4+ T"
"1284","B"
"1285","Naive CD4+ T"
"1286","Effector CD8+ T"
"1287","NK"
"1288","Naive CD4+ T"
"1289","Naive CD8+ T"
"1290","Monocytes"
"1291","B"
"1292","Naive CD4+ T"
"1293","Monocytes"
"1294","Effector CD4+ T"
"1295","Effector CD8+ T"
"1296","Effector CD4+ T"
"1297","Naive CD4+ T"
"1298","NK"
"1299","Naive CD4+ T"
"1300","Effector CD8+ T"
"1301","Naive CD4+ T"
"1302","Naive CD4+ T"
"1303","NK"
"1304","Effector CD4+ T"
"1305","Naive CD8+ T"
"1306","Naive CD8+ T"
"1307","Naive CD4+ T"
"1308","NK"
"1309","Naive CD4+ T"
"1310","Naive CD8+ T"
"1311","unknown"
"1312","Effector CD8+ T"
"1313","Naive CD4+ T"
"1314","Naive CD8+ T"
"1315","Naive CD4+ T"
"1316","Naive CD4+ T"
"1317","unknown"
"1318","Naive CD8+ T"
"1319","Naive CD8+ T"
"1320","Naive CD4+ T"
"1321","Monocytes"
"1322","Naive CD8+ T"
"1323","Naive CD4+ T"
"1324","Effector CD4+ T"
"1325","unknown"
"1326","B"
"1327","NK"
"1328","Naive CD4+ T"
"1329","Naive CD4+ T"
"1330","Effector CD4+ T"
"1331","Effector CD4+ T"
"1332","B"
"1333","Naive CD8+ T"
"1334","Effector CD8+ T"
"1335","Effector CD4+ T"
"1336","B"
"1337","Effector CD4+ T"
"1338","Effector CD8+ T"
"1339","NK"
"1340","Naive CD4+ T"
"1341","NK"
"1342","NK"
"1343","Naive CD4+ T"
"1344","Effector CD4+ T"
"1345","Naive CD4+ T"
"1346","Effector CD4+ T"
"1347","Effector CD8+ T"
"1348","Naive CD8+ T"
"1349","NK"
"1350","Naive CD4+ T"
"1351","B"
"1352","Effector CD4+ T"
"1353","NK"
"1354","Naive CD4+ T"
"1355","Effector CD4+ T"
"1356","Effector CD4+ T"
"1357","NK"
"1358","NK"
"1359","unknown"
"1360","Naive CD8+ T"
"1361","Effector CD4+ T"
"1362","Naive CD8+ T"
"1363","Naive CD4+ T"
"1364","Naive CD4+ T"
"1365","Naive CD4+ T"
"1366","Effector CD8+ T"
"1367","Naive CD8+ T"
"1368","Naive CD8+ T"
"1369","B"
"1370","Effector CD4+ T"
"1371","Monocytes"
"1372","Naive CD4+ T"
"1373","NK"
"1374","Naive CD4+ T"
"1375","Monocytes"
"1376","Naive CD8+ T"
"1377","Naive CD8+ T"
"1378","Monocytes"
"1379","Effector CD4+ T"
"1380","NK"
"1381","B"
"1382","Naive CD4+ T"
"1383","Effector CD4+ T"
"1384","Monocytes"
"1385","Naive CD4+ T"
"1386","Naive CD4+ T"
"1387","Effector CD4+ T"
"1388","B"
"1389","Effector CD8+ T"
"1390","Naive CD4+ T"
"1391","Naive CD4+ T"
"1392","Effector CD8+ T"
"1393","Effector CD4+ T"
"1394","NK"
"1395","Naive CD4+ T"
"1396","Naive CD8+ T"
"1397","Naive CD4+ T"
"1398","Effector CD8+ T"
"1399","B"
"1400","Naive CD8+ T"
"1401","Effector CD4+ T"
"1402","Effector CD4+ T"
"1403","Monocytes"
"1404","Effector CD4+ T"
"1405","Naive CD4+ T"
"1406","B"
"1407","Naive CD4+ T"
"1408","B"
"1409","Naive CD4+ T"
"1410","Effector CD8+ T"
"1411","Naive CD4+ T"
"1412","Naive CD4+ T"
"1413","B"
"1414","Naive CD8+ T"
"1415","Naive CD4+ T"
"1416","Naive CD4+ T"
"1417","NK"
"1418","Effector CD4+ T"
"1419","Naive CD8+ T"
"1420","Monocytes"
"1421","Naive CD4+ T"
"1422","Effector CD4+ T"
"1423","Effector CD4+ T"
"1424","NK"
"1425","NK"
"1426","Naive CD4+ T"
"1427","Effector CD4+ T"
"1428","Effector CD4+ T"
"1429","NK"
"1430","Effector CD4+ T"
"1431","Effector CD4+ T"
"1432","Naive CD4+ T"
"1433","unknown"
"1434","unknown"
"1435","Naive CD4+ T"
"1436","Naive CD4+ T"
"1437","unknown"
"1438","Naive CD8+ T"
"1439","Naive CD4+ T"
"1440","NK"
"1441","Effector CD4+ T"
"1442","Naive CD8+ T"
"1443","Naive CD4+ T"
"1444","Effector CD4+ T"
"1445","B"
"1446","Effector CD8+ T"
"1447","Naive CD4+ T"
"1448","NK"
"1449","Naive CD4+ T"
"1450","Naive CD8+ T"
"1451","Naive CD4+ T"
"1452","Effector CD4+ T"
"1453","Naive CD4+ T"
"1454","Naive CD4+ T"
"1455","Naive CD4+ T"
"1456","Effector CD4+ T"
"1457","NK"
"1458","NK"
"1459","B"
"1460","NK"
"1461","B"
"1462","Effector CD4+ T"
"1463","unknown"
"1464","Naive CD4+ T"
"1465","Naive CD4+ T"
"1466","Naive CD8+ T"
"1467","NK"
"1468","Monocytes"
"1469","Naive CD4+ T"
"1470","Effector CD4+ T"
"1471","Naive CD8+ T"
"1472","Naive CD4+ T"
"1473","Naive CD8+ T"
"1474","Naive CD4+ T"
"1475","Naive CD8+ T"
"1476","Naive CD4+ T"
"1477","Naive CD8+ T"
"1478","Naive CD4+ T"
"1479","Effector CD4+ T"
"1480","DC"
"1481","Effector CD4+ T"
"1482","Effector CD4+ T"
"1483","Naive CD4+ T"
"1484","NK"
"1485","Naive CD4+ T"
"1486","Naive CD8+ T"
"1487","Naive CD4+ T"
"1488","Effector CD4+ T"
"1489","Effector CD8+ T"
"1490","Naive CD4+ T"
"1491","Effector CD4+ T"
"1492","Naive CD4+ T"
"1493","Effector CD8+ T"
"1494","Monocytes"
"1495","Monocytes"
"1496","Naive CD4+ T"
"1497","B"
"1498","Naive CD4+ T"
"1499","NK"
"1500","Naive CD8+ T"
"1501","Monocytes"
"1502","Effector CD8+ T"
"1503","Effector CD4+ T"
"1504","Effector CD4+ T"
"1505","Naive CD8+ T"
"1506","NK"
"1507","Naive CD8+ T"
"1508","Effector CD8+ T"
"1509","Naive CD8+ T"
"1510","NK"
"1511","Monocytes"
"1512","Naive CD4+ T"
"1513","Naive CD4+ T"
"1514","B"
"1515","Naive CD4+ T"
"1516","Naive CD4+ T"
"1517","Monocytes"
"1518","Naive CD4+ T"
"1519","DC"
"1520","NK"
"1521","Monocytes"
"1522","B"
"1523","B"
"1524","Effector CD8+ T"
"1525","B"
"1526","Effector CD4+ T"
"1527","Effector CD8+ T"
"1528","Naive CD4+ T"
"1529","Effector CD8+ T"
"1530","Effector CD4+ T"
"1531","Effector CD4+ T"
"1532","Naive CD4+ T"
"1533","Effector CD4+ T"
"1534","Naive CD4+ T"
"1535","Naive CD4+ T"
"1536","Monocytes"
"1537","NK"
"1538","Naive CD4+ T"
"1539","Naive CD4+ T"
"1540","Effector CD4+ T"
"1541","Naive CD4+ T"
"1542","Effector CD4+ T"
"1543","Naive CD8+ T"
"1544","NK"
"1545","Naive CD8+ T"
"1546","Effector CD4+ T"
"1547","Effector CD4+ T"
"1548","unknown"
"1549","NK"
"1550","Naive CD4+ T"
"1551","B"
"1552","Naive CD4+ T"
"1553","Monocytes"
"1554","Naive CD4+ T"
"1555","Naive CD4+ T"
"1556","NK"
"1557","Naive CD4+ T"
"1558","Naive CD4+ T"
"1559","Effector CD4+ T"
"1560","Naive CD8+ T"
"1561","Naive CD4+ T"
"1562","Naive CD4+ T"
"1563","Naive CD4+ T"
"1564","NK"
"1565","Naive CD4+ T"
"1566","NK"
"1567","Naive CD4+ T"
"1568","Naive CD4+ T"
"1569","B"
"1570","Effector CD8+ T"
"1571","Effector CD4+ T"
"1572","Monocytes"
"1573","Naive CD4+ T"
"1574","NK"
"1575","Naive CD8+ T"
"1576","Naive CD8+ T"
"1577","Naive CD4+ T"
"1578","Effector CD8+ T"
"1579","DC"
"1580","Naive CD4+ T"
"1581","Effector CD4+ T"
"1582","Effector CD4+ T"
"1583","Effector CD4+ T"
"1584","Effector CD4+ T"
"1585","Effector CD8+ T"
"1586","Effector CD8+ T"
"1587","Naive CD4+ T"
"1588","Naive CD8+ T"
"1589","NK"
"1590","unknown"
"1591","Naive CD4+ T"
"1592","Effector CD4+ T"
"1593","Naive CD4+ T"
"1594","B"
"1595","Effector CD8+ T"
"1596","Naive CD4+ T"
"1597","Naive CD4+ T"
"1598","NK"
"1599","Naive CD4+ T"
"1600","Naive CD4+ T"
"1601","Naive CD4+ T"
"1602","NK"
"1603","Naive CD4+ T"
"1604","Naive CD4+ T"
"1605","Effector CD8+ T"
"1606","Effector CD8+ T"
"1607","Monocytes"
"1608","Effector CD4+ T"
"1609","Naive CD4+ T"
"1610","Naive CD4+ T"
"1611","Naive CD8+ T"
"1612","Naive CD4+ T"
"1613","Naive CD8+ T"
"1614","Effector CD8+ T"
"1615","unknown"
"1616","Effector CD4+ T"
"1617","Naive CD4+ T"
"1618","Naive CD4+ T"
"1619","DC"
"1620","Effector CD8+ T"
"1621","Naive CD4+ T"
"1622","Effector CD4+ T"
"1623","NK"
"1624","Naive CD4+ T"
"1625","DC"
"1626","Effector CD4+ T"
"1627","Effector CD4+ T"
"1628","NK"
"1629","Effector CD8+ T"
"1630","Naive CD4+ T"
"1631","Effector CD4+ T"
"1632","Naive CD4+ T"
"1633","Naive CD4+ T"
"1634","Naive CD4+ T"
"1635","Effector CD4+ T"
"1636","Effector CD4+ T"
"1637","Monocytes"
"1638","B"
"1639","Effector CD4+ T"
"1640","Monocytes"
"1641","Effector CD4+ T"
"1642","unknown"
"1643","Effector CD4+ T"
"1644","Naive CD4+ T"
"1645","Naive CD4+ T"
"1646","Effector CD8+ T"
"1647","Naive CD4+ T"
"1648","Effector CD4+ T"
"1649","Effector CD8+ T"
"1650","Naive CD4+ T"
"1651","Effector CD8+ T"
"1652","Effector CD8+ T"
"1653","Naive CD4+ T"
"1654","Naive CD4+ T"
"1655","Naive CD8+ T"
"1656","B"
"1657","Naive CD4+ T"
"1658","B"
"1659","Naive CD4+ T"
"1660","Effector CD4+ T"
"1661","Naive CD4+ T"
"1662","Naive CD8+ T"
"1663","Naive CD4+ T"
"1664","Effector CD8+ T"
"1665","Effector CD4+ T"
"1666","Naive CD4+ T"
"1667","Effector CD4+ T"
"1668","Naive CD8+ T"
"1669","DC"
"1670","Naive CD8+ T"
"1671","unknown"
"1672","Naive CD8+ T"
"1673","NK"
"1674","Naive CD4+ T"
"1675","Effector CD8+ T"
"1676","Naive CD8+ T"
"1677","Naive CD4+ T"
"1678","Naive CD4+ T"
"1679","Effector CD4+ T"
"1680","B"
"1681","Naive CD4+ T"
"1682","unknown"
"1683","NK"
"1684","NK"
"1685","DC"
"1686","Monocytes"
"1687","unknown"
"1688","Naive CD4+ T"
"1689","NK"
"1690","unknown"
"1691","Effector CD8+ T"
"1692","Effector CD8+ T"
"1693","unknown"
"1694","Naive CD4+ T"
"1695","NK"
"1696","Naive CD8+ T"
"1697","Naive CD4+ T"
"1698","Naive CD4+ T"
"1699","unknown"
"1700","Naive CD8+ T"
"1701","Naive CD4+ T"
"1702","Naive CD4+ T"
"1703","NK"
"1704","Effector CD8+ T"
"1705","NK"
"1706","Naive CD4+ T"
"1707","unknown"
"1708","NK"
"1709","Effector CD4+ T"
"1710","Effector CD4+ T"
"1711","Naive CD4+ T"
"1712","Naive CD4+ T"
"1713","Naive CD4+ T"
"1714","Effector CD8+ T"
"1715","Naive CD4+ T"
"1716","Naive CD4+ T"
"1717","Naive CD4+ T"
"1718","Naive CD4+ T"
"1719","B"
"1720","Naive CD8+ T"
"1721","unknown"
"1722","Effector CD4+ T"
"1723","Monocytes"
"1724","Naive CD4+ T"
"1725","Naive CD4+ T"
"1726","Effector CD4+ T"
"1727","NK"
"1728","Effector CD4+ T"
"1729","Naive CD4+ T"
"1730","Naive CD4+ T"
"1731","Naive CD4+ T"
"1732","Monocytes"
"1733","Naive CD4+ T"
"1734","unknown"
"1735","Naive CD4+ T"
"1736","unknown"
"1737","Naive CD4+ T"
"1738","Naive CD4+ T"
"1739","Effector CD4+ T"
"1740","Effector CD4+ T"
"1741","Naive CD4+ T"
"1742","Naive CD8+ T"
"1743","Naive CD4+ T"
"1744","Naive CD4+ T"
"1745","Effector CD8+ T"
"1746","Effector CD4+ T"
"1747","Naive CD4+ T"
"1748","Effector CD4+ T"
"1749","Effector CD4+ T"
"1750","Naive CD4+ T"
"1751","Naive CD4+ T"
"1752","Naive CD4+ T"
"1753","Naive CD4+ T"
"1754","Naive CD8+ T"
"1755","Effector CD4+ T"
"1756","NK"
"1757","Effector CD8+ T"
"1758","Naive CD8+ T"
"1759","Effector CD4+ T"
"1760","Effector CD4+ T"
"1761","Naive CD8+ T"
"1762","Effector CD4+ T"
"1763","Monocytes"
"1764","Naive CD4+ T"
"1765","Effector CD4+ T"
"1766","B"
"1767","NK"
"1768","Naive CD4+ T"
"1769","Effector CD4+ T"
"1770","Monocytes"
"1771","Effector CD4+ T"
"1772","Naive CD4+ T"
"1773","DC"
"1774","Monocytes"
"1775","Effector CD4+ T"
"1776","unknown"
"1777","NK"
"1778","Naive CD4+ T"
"1779","Naive CD4+ T"
"1780","B"
"1781","Naive CD8+ T"
"1782","B"
"1783","Naive CD4+ T"
"1784","Naive CD8+ T"
"1785","Effector CD4+ T"
"1786","Naive CD4+ T"
"1787","Effector CD4+ T"
"1788","B"
"1789","Naive CD4+ T"
"1790","Effector CD4+ T"
"1791","Naive CD4+ T"
"1792","Naive CD4+ T"
"1793","DC"
"1794","Effector CD8+ T"
"1795","Monocytes"
"1796","Naive CD4+ T"
"1797","NK"
"1798","Effector CD8+ T"
"1799","Naive CD4+ T"
"1800","Effector CD4+ T"
"1801","Naive CD4+ T"
"1802","Effector CD4+ T"
"1803","Monocytes"
"1804","Effector CD4+ T"
"1805","Naive CD4+ T"
"1806","Naive CD4+ T"
"1807","Monocytes"
"1808","Effector CD4+ T"
"1809","Effector CD4+ T"
"1810","Naive CD4+ T"
"1811","Naive CD8+ T"
"1812","NK"
"1813","Naive CD4+ T"
"1814","Naive CD4+ T"
"1815","Monocytes"
"1816","NK"
"1817","NK"
"1818","Naive CD4+ T"
"1819","Effector CD4+ T"
"1820","Effector CD4+ T"
"1821","Naive CD8+ T"
"1822","Naive CD4+ T"
"1823","Naive CD4+ T"
"1824","Effector CD8+ T"
"1825","NK"
"1826","Naive CD4+ T"
"1827","Naive CD4+ T"
"1828","unknown"
"1829","Naive CD4+ T"
"1830","Effector CD4+ T"
"1831","NK"
"1832","Naive CD4+ T"
"1833","B"
"1834","NK"
"1835","Effector CD4+ T"
"1836","Naive CD4+ T"
"1837","Naive CD4+ T"
"1838","B"
"1839","Naive CD4+ T"
"1840","Naive CD8+ T"
"1841","Naive CD8+ T"
"1842","Naive CD4+ T"
"1843","B"
"1844","Effector CD4+ T"
"1845","Effector CD4+ T"
"1846","Monocytes"
"1847","Effector CD4+ T"
"1848","Naive CD4+ T"
"1849","Effector CD8+ T"
"1850","Naive CD4+ T"
"1851","Effector CD4+ T"
"1852","NK"
"1853","Naive CD4+ T"
"1854","Effector CD4+ T"
"1855","Naive CD4+ T"
"1856","Effector CD4+ T"
"1857","Effector CD8+ T"
"1858","Naive CD8+ T"
"1859","Effector CD4+ T"
"1860","Naive CD4+ T"
"1861","Naive CD4+ T"
"1862","Naive CD4+ T"
"1863","Naive CD8+ T"
"1864","B"
"1865","Effector CD8+ T"
"1866","DC"
"1867","Naive CD4+ T"
"1868","Naive CD4+ T"
"1869","Effector CD4+ T"
"1870","Naive CD4+ T"
"1871","Naive CD8+ T"
"1872","Naive CD4+ T"
"1873","Monocytes"
"1874","Effector CD4+ T"
"1875","Effector CD8+ T"
"1876","Naive CD4+ T"
"1877","Effector CD4+ T"
"1878","Naive CD4+ T"
"1879","Naive CD8+ T"
"1880","Naive CD8+ T"
"1881","Naive CD4+ T"
"1882","Effector CD4+ T"
"1883","Effector CD4+ T"
"1884","Naive CD4+ T"
"1885","NK"
"1886","Effector CD8+ T"
"1887","Naive CD8+ T"
"1888","Naive CD8+ T"
"1889","Naive CD4+ T"
"1890","Naive CD4+ T"
"1891","Naive CD4+ T"
"1892","Monocytes"
"1893","NK"
"1894","Effector CD4+ T"
"1895","NK"
"1896","Naive CD4+ T"
"1897","Effector CD4+ T"
"1898","Naive CD4+ T"
"1899","Monocytes"
"1900","Naive CD4+ T"
"1901","Effector CD4+ T"
"1902","Effector CD4+ T"
"1903","Naive CD4+ T"
"1904","Effector CD4+ T"
"1905","Effector CD4+ T"
"1906","Naive CD8+ T"
"1907","Naive CD4+ T"
"1908","Naive CD4+ T"
"1909","Naive CD4+ T"
"1910","Monocytes"
"1911","Effector CD4+ T"
"1912","Naive CD4+ T"
"1913","Effector CD4+ T"
"1914","Effector CD4+ T"
"1915","unknown"
"1916","Effector CD4+ T"
"1917","NK"
"1918","Effector CD8+ T"
"1919","Naive CD8+ T"
"1920","Effector CD8+ T"
"1921","Naive CD8+ T"
"1922","NK"
"1923","Effector CD4+ T"
"1924","Naive CD8+ T"
"1925","B"
"1926","Naive CD8+ T"
"1927","DC"
"1928","Naive CD4+ T"
"1929","Naive CD4+ T"
"1930","Monocytes"
"1931","B"
"1932","Effector CD8+ T"
"1933","Effector CD4+ T"
"1934","NK"
"1935","Effector CD4+ T"
"1936","unknown"
"1937","Naive CD4+ T"
"1938","Naive CD4+ T"
"1939","unknown"
"1940","Effector CD4+ T"
"1941","Effector CD4+ T"
"1942","Naive CD4+ T"
"1943","unknown"
"1944","Effector CD4+ T"
"1945","Effector CD4+ T"
"1946","NK"
"1947","Effector CD8+ T"
"1948","Effector CD4+ T"
"1949","Naive CD4+ T"
"1950","Naive CD4+ T"
"1951","Effector CD4+ T"
"1952","Naive CD4+ T"
"1953","Naive CD8+ T"
"1954","Monocytes"
"1955","NK"
"1956","Naive CD8+ T"
"1957","Effector CD4+ T"
"1958","Monocytes"
"1959","Naive CD4+ T"
"1960","Effector CD4+ T"
"1961","Naive CD4+ T"
"1962","Effector CD4+ T"
"1963","Effector CD4+ T"
"1964","Effector CD4+ T"
"1965","Naive CD4+ T"
"1966","Naive CD4+ T"
"1967","Effector CD4+ T"
"1968","Monocytes"
"1969","Naive CD4+ T"
"1970","Effector CD8+ T"
"1971","Naive CD8+ T"
"1972","Monocytes"
"1973","Naive CD4+ T"
"1974","Naive CD4+ T"
"1975","Effector CD4+ T"
"1976","Effector CD8+ T"
"1977","Naive CD4+ T"
"1978","Monocytes"
"1979","Naive CD8+ T"
"1980","Naive CD4+ T"
"1981","Naive CD4+ T"
"1982","Monocytes"
"1983","Effector CD4+ T"
"1984","Naive CD4+ T"
"1985","Effector CD4+ T"
"1986","B"
"1987","Naive CD4+ T"
"1988","Effector CD4+ T"
"1989","Naive CD4+ T"
"1990","Naive CD4+ T"
"1991","Effector CD8+ T"
"1992","NK"
"1993","Naive CD4+ T"
"1994","Naive CD4+ T"
"1995","Effector CD4+ T"
"1996","Naive CD4+ T"
"1997","unknown"
"1998","Naive CD4+ T"
"1999","Effector CD8+ T"
"2000","Effector CD4+ T"
"2001","Effector CD8+ T"
"2002","Effector CD4+ T"
"2003","Naive CD4+ T"
"2004","Naive CD4+ T"
"2005","Naive CD8+ T"
"2006","Effector CD4+ T"
"2007","Effector CD4+ T"
"2008","Naive CD4+ T"
"2009","Effector CD4+ T"
"2010","Naive CD8+ T"
"2011","Effector CD4+ T"
"2012","Effector CD4+ T"
"2013","Naive CD4+ T"
"2014","Effector CD4+ T"
"2015","Naive CD8+ T"
"2016","Effector CD4+ T"
"2017","Effector CD4+ T"
"2018","Naive CD8+ T"
"2019","Effector CD4+ T"
"2020","Naive CD8+ T"
"2021","Naive CD4+ T"
"2022","NK"
"2023","NK"
"2024","Effector CD4+ T"
"2025","Effector CD4+ T"
"2026","Naive CD4+ T"
"2027","Monocytes"
"2028","Effector CD8+ T"
"2029","Effector CD8+ T"
"2030","Effector CD4+ T"
"2031","NK"
"2032","Effector CD4+ T"
"2033","B"
"2034","Naive CD4+ T"
"2035","Effector CD4+ T"
"2036","DC"
"2037","Naive CD4+ T"
"2038","Monocytes"
"2039","Naive CD4+ T"
"2040","Naive CD8+ T"
"2041","Effector CD8+ T"
"2042","NK"
"2043","Effector CD8+ T"
"2044","Naive CD4+ T"
"2045","Naive CD4+ T"
"2046","Effector CD4+ T"
"2047","Naive CD8+ T"
"2048","Naive CD4+ T"
"2049","Naive CD4+ T"
"2050","Naive CD8+ T"
"2051","Effector CD8+ T"
"2052","NK"
"2053","Naive CD4+ T"
"2054","Naive CD8+ T"
"2055","Effector CD8+ T"
"2056","DC"
"2057","Effector CD4+ T"
"2058","Effector CD8+ T"
"2059","Effector CD4+ T"
"2060","Effector CD4+ T"
"2061","Effector CD4+ T"
"2062","Monocytes"
"2063","B"
"2064","Effector CD4+ T"
"2065","B"
"2066","Effector CD4+ T"
"2067","Naive CD8+ T"
"2068","Effector CD4+ T"
"2069","Naive CD4+ T"
"2070","DC"
"2071","Naive CD4+ T"
"2072","Naive CD4+ T"
"2073","Naive CD4+ T"
"2074","Effector CD4+ T"
"2075","Effector CD8+ T"
"2076","Effector CD4+ T"
"2077","Naive CD4+ T"
"2078","B"
"2079","Effector CD4+ T"
"2080","Effector CD4+ T"
"2081","Effector CD4+ T"
"2082","B"
"2083","Effector CD8+ T"
"2084","Naive CD8+ T"
"2085","B"
"2086","Effector CD4+ T"
"2087","NK"
"2088","Naive CD4+ T"
"2089","Naive CD4+ T"
"2090","Naive CD8+ T"
"2091","NK"
"2092","Naive CD4+ T"
"2093","Monocytes"
"2094","B"
"2095","Effector CD4+ T"
"2096","Effector CD4+ T"
"2097","Naive CD4+ T"
"2098","Monocytes"
"2099","NK"
"2100","Naive CD8+ T"
"2101","Effector CD4+ T"
"2102","Monocytes"
"2103","Monocytes"
"2104","Naive CD4+ T"
"2105","NK"
"2106","B"
"2107","Naive CD4+ T"
"2108","Naive CD8+ T"
"2109","unknown"
"2110","Naive CD4+ T"
"2111","Naive CD4+ T"
"2112","Effector CD4+ T"
"2113","Naive CD4+ T"
"2114","Naive CD4+ T"
"2115","Naive CD4+ T"
"2116","unknown"
"2117","Effector CD4+ T"
"2118","NK"
"2119","Effector CD8+ T"
"2120","Naive CD4+ T"
"2121","Naive CD4+ T"
"2122","Effector CD4+ T"
"2123","Effector CD4+ T"
"2124","Naive CD4+ T"
"2125","Naive CD4+ T"
"2126","Naive CD8+ T"
"2127","Effector CD8+ T"
"2128","NK"
"2129","Effector CD4+ T"
"2130","Effector CD4+ T"
"2131","Effector CD4+ T"
"2132","Monocytes"
"2133","Naive CD4+ T"
"2134","Naive CD4+ T"
"2135","Naive CD4+ T"
"2136","Effector CD4+ T"
"2137","Effector CD8+ T"
"2138","Naive CD4+ T"
"2139","Naive CD4+ T"
"2140","unknown"
"2141","NK"
"2142","Naive CD8+ T"
"2143","Naive CD4+ T"
"2144","NK"
"2145","Effector CD4+ T"
"2146","Naive CD4+ T"
"2147","Naive CD8+ T"
"2148","NK"
"2149","B"
"2150","Monocytes"
"2151","Effector CD4+ T"
"2152","Naive CD4+ T"
"2153","Effector CD8+ T"
"2154","Effector CD4+ T"
"2155","Naive CD4+ T"
"2156","B"
"2157","Effector CD8+ T"
"2158","Naive CD4+ T"
"2159","Naive CD8+ T"
"2160","Naive CD8+ T"
"2161","Naive CD4+ T"
"2162","Naive CD8+ T"
"2163","B"
"2164","B"
"2165","Monocytes"
"2166","Naive CD4+ T"
"2167","Effector CD4+ T"
"2168","Naive CD4+ T"
"2169","Effector CD8+ T"
"2170","Effector CD4+ T"
"2171","Naive CD4+ T"
"2172","Naive CD4+ T"
"2173","Naive CD4+ T"
"2174","Naive CD4+ T"
"2175","Naive CD8+ T"
"2176","Naive CD4+ T"
"2177","Naive CD4+ T"
"2178","Naive CD4+ T"
"2179","Naive CD4+ T"
"2180","Naive CD4+ T"
"2181","Monocytes"
"2182","Effector CD4+ T"
"2183","Naive CD4+ T"
"2184","Monocytes"
"2185","Naive CD8+ T"
"2186","Naive CD4+ T"
"2187","Naive CD4+ T"
"2188","Effector CD4+ T"
"2189","Monocytes"
"2190","Effector CD4+ T"
"2191","Effector CD4+ T"
"2192","B"
"2193","Effector CD4+ T"
"2194","Naive CD4+ T"
"2195","Naive CD4+ T"
"2196","unknown"
"2197","Effector CD4+ T"
"2198","Effector CD4+ T"
"2199","Monocytes"
"2200","Naive CD4+ T"
"2201","Naive CD4+ T"
"2202","Effector CD4+ T"
"2203","NK"
"2204","Naive CD4+ T"
"2205","Naive CD4+ T"
"2206","Naive CD4+ T"
"2207","Naive CD4+ T"
"2208","Effector CD4+ T"
"2209","B"
"2210","Naive CD4+ T"
"2211","Naive CD8+ T"
"2212","Effector CD4+ T"
"2213","NK"
"2214","Effector CD4+ T"
"2215","Naive CD4+ T"
"2216","Effector CD8+ T"
"2217","Naive CD8+ T"
"2218","Naive CD4+ T"
"2219","Effector CD8+ T"
"2220","NK"
"2221","unknown"
"2222","NK"
"2223","DC"
"2224","Effector CD8+ T"
"2225","Naive CD4+ T"
"2226","B"
"2227","Effector CD4+ T"
"2228","Effector CD4+ T"
"2229","Effector CD4+ T"
"2230","Naive CD4+ T"
"2231","Monocytes"
"2232","Naive CD4+ T"
"2233","Naive CD4+ T"
"2234","B"
"2235","Naive CD4+ T"
"2236","Effector CD4+ T"
"2237","Effector CD4+ T"
"2238","B"
"2239","Naive CD4+ T"
"2240","Effector CD8+ T"
"2241","Naive CD4+ T"
"2242","Effector CD4+ T"
"2243","NK"
"2244","Naive CD8+ T"
"2245","Naive CD8+ T"
"2246","Naive CD4+ T"
"2247","unknown"
"2248","NK"
"2249","Monocytes"
"2250","Effector CD4+ T"
"2251","Effector CD4+ T"
"2252","Effector CD4+ T"
"2253","Effector CD8+ T"
"2254","Effector CD4+ T"
"2255","Effector CD4+ T"
"2256","Effector CD8+ T"
"2257","Naive CD4+ T"
"2258","NK"
"2259","Effector CD8+ T"
"2260","Naive CD4+ T"
"2261","DC"
"2262","Naive CD4+ T"
"2263","Naive CD4+ T"
"2264","Naive CD4+ T"
"2265","DC"
"2266","Naive CD4+ T"
"2267","Naive CD4+ T"
"2268","Effector CD4+ T"
"2269","Naive CD4+ T"
"2270","Naive CD4+ T"
"2271","unknown"
"2272","unknown"
"2273","Effector CD8+ T"
"2274","Naive CD4+ T"
"2275","Naive CD4+ T"
"2276","Effector CD4+ T"
"2277","Naive CD8+ T"
"2278","Naive CD4+ T"
"2279","Effector CD8+ T"
"2280","Effector CD4+ T"
"2281","Effector CD4+ T"
"2282","Effector CD8+ T"
"2283","Effector CD4+ T"
"2284","Naive CD4+ T"
"2285","Naive CD4+ T"
"2286","unknown"
"2287","Naive CD4+ T"
"2288","Naive CD4+ T"
"2289","Naive CD4+ T"
"2290","B"
"2291","Naive CD4+ T"
"2292","NK"
"2293","Effector CD4+ T"
"2294","NK"
"2295","Effector CD8+ T"
"2296","NK"
"2297","Effector CD4+ T"
"2298","Naive CD4+ T"
"2299","Naive CD4+ T"
"2300","Naive CD8+ T"
"2301","Effector CD4+ T"
"2302","Effector CD4+ T"
"2303","Effector CD4+ T"
"2304","Naive CD4+ T"
"2305","Effector CD4+ T"
"2306","Effector CD8+ T"
"2307","Naive CD4+ T"
"2308","Effector CD4+ T"
"2309","Monocytes"
"2310","Effector CD4+ T"
"2311","Naive CD8+ T"
"2312","Naive CD4+ T"
"2313","Effector CD4+ T"
"2314","Monocytes"
"2315","Effector CD4+ T"
"2316","NK"
"2317","Naive CD4+ T"
"2318","Effector CD4+ T"
"2319","Naive CD4+ T"
"2320","Effector CD8+ T"
"2321","Monocytes"
"2322","Naive CD8+ T"
"2323","Effector CD4+ T"
"2324","Effector CD4+ T"
"2325","Monocytes"
"2326","Naive CD8+ T"
"2327","NK"
"2328","Effector CD8+ T"
"2329","Naive CD8+ T"
"2330","Effector CD8+ T"
"2331","Naive CD8+ T"
"2332","Naive CD4+ T"
"2333","unknown"
"2334","NK"
"2335","Naive CD4+ T"
"2336","Monocytes"
"2337","Effector CD4+ T"
"2338","Effector CD4+ T"
"2339","Effector CD8+ T"
"2340","Naive CD8+ T"
"2341","Naive CD4+ T"
"2342","Naive CD4+ T"
"2343","Effector CD4+ T"
"2344","Naive CD4+ T"
"2345","Effector CD8+ T"
"2346","Effector CD4+ T"
"2347","NK"
"2348","Effector CD4+ T"
"2349","Effector CD4+ T"
"2350","Naive CD4+ T"
"2351","Effector CD4+ T"
"2352","DC"
"2353","Naive CD4+ T"
"2354","Effector CD8+ T"
"2355","NK"
"2356","unknown"
"2357","Monocytes"
"2358","Naive CD8+ T"
"2359","Naive CD4+ T"
"2360","Effector CD8+ T"
"2361","Effector CD8+ T"
"2362","Effector CD4+ T"
"2363","Naive CD4+ T"
"2364","Naive CD8+ T"
"2365","NK"
"2366","Naive CD4+ T"
"2367","Effector CD4+ T"
"2368","Naive CD4+ T"
"2369","Effector CD8+ T"
"2370","Naive CD4+ T"
"2371","Monocytes"
"2372","Effector CD4+ T"
"2373","Effector CD8+ T"
"2374","Effector CD4+ T"
"2375","Effector CD4+ T"
"2376","Naive CD4+ T"
"2377","NK"
"2378","Naive CD8+ T"
"2379","Effector CD4+ T"
"2380","B"
"2381","Effector CD4+ T"
"2382","Naive CD8+ T"
"2383","B"
"2384","Monocytes"
"2385","DC"
"2386","Effector CD4+ T"
"2387","Naive CD4+ T"
"2388","Effector CD8+ T"
"2389","NK"
"2390","Effector CD4+ T"
"2391","Naive CD8+ T"
"2392","Effector CD4+ T"
"2393","Effector CD4+ T"
"2394","Effector CD8+ T"
"2395","Naive CD4+ T"
"2396","Naive CD4+ T"
"2397","NK"
"2398","B"
"2399","Effector CD4+ T"
"2400","Naive CD4+ T"
"2401","Effector CD4+ T"
"2402","Effector CD4+ T"
"2403","Naive CD4+ T"
"2404","Effector CD8+ T"
"2405","Naive CD4+ T"
"2406","Effector CD4+ T"
"2407","Naive CD4+ T"
"2408","B"
"2409","Naive CD8+ T"
"2410","Effector CD8+ T"
"2411","Monocytes"
"2412","Naive CD4+ T"
"2413","Effector CD4+ T"
"2414","Effector CD4+ T"
"2415","Naive CD4+ T"
"2416","NK"
"2417","Effector CD8+ T"
"2418","Naive CD4+ T"
"2419","Effector CD8+ T"
"2420","NK"
"2421","NK"
"2422","Monocytes"
"2423","Naive CD4+ T"
"2424","Naive CD4+ T"
"2425","Effector CD4+ T"
"2426","Naive CD4+ T"
"2427","Naive CD4+ T"
"2428","Effector CD4+ T"
"2429","Monocytes"
"2430","Effector CD4+ T"
"2431","Naive CD4+ T"
"2432","Effector CD4+ T"
"2433","Effector CD4+ T"
"2434","DC"
"2435","Effector CD4+ T"
"2436","NK"
"2437","NK"
"2438","DC"
"2439","Effector CD4+ T"
"2440","NK"
"2441","Effector CD4+ T"
"2442","Effector CD4+ T"
"2443","Monocytes"
"2444","NK"
"2445","Naive CD8+ T"
"2446","Naive CD4+ T"
"2447","Monocytes"
"2448","Effector CD4+ T"
"2449","Monocytes"
"2450","Monocytes"
"2451","Effector CD4+ T"
"2452","Effector CD4+ T"
"2453","Naive CD8+ T"
"2454","NK"
"2455","Naive CD4+ T"
"2456","unknown"
"2457","Effector CD4+ T"
"2458","Effector CD4+ T"
"2459","Effector CD4+ T"
"2460","Effector CD4+ T"
"2461","Effector CD8+ T"
"2462","Effector CD4+ T"
"2463","Effector CD4+ T"
"2464","B"
"2465","Monocytes"
"2466","Naive CD8+ T"
"2467","Naive CD4+ T"
"2468","Effector CD8+ T"
"2469","Naive CD4+ T"
"2470","Naive CD4+ T"
"2471","Monocytes"
"2472","Effector CD8+ T"
"2473","Naive CD4+ T"
"2474","B"
"2475","B"
"2476","Effector CD4+ T"
"2477","Effector CD4+ T"
"2478","Effector CD8+ T"
"2479","Naive CD4+ T"
"2480","Naive CD4+ T"
"2481","Naive CD4+ T"
"2482","Naive CD4+ T"
"2483","Effector CD4+ T"
"2484","Effector CD4+ T"
"2485","Monocytes"
"2486","Effector CD4+ T"
"2487","Naive CD4+ T"
"2488","Naive CD8+ T"
"2489","Effector CD4+ T"
"2490","Effector CD4+ T"
"2491","NK"
"2492","Naive CD4+ T"
"2493","Monocytes"
"2494","Effector CD4+ T"
"2495","NK"
"2496","Naive CD4+ T"
"2497","Effector CD4+ T"
"2498","Naive CD4+ T"
"2499","DC"
"2500","NK"
"2501","Effector CD8+ T"
"2502","Naive CD4+ T"
"2503","NK"
"2504","DC"
"2505","Effector CD4+ T"
"2506","NK"
"2507","Naive CD4+ T"
"2508","Effector CD8+ T"
"2509","unknown"
"2510","Effector CD8+ T"
"2511","Naive CD4+ T"
"2512","NK"
"2513","Naive CD8+ T"
"2514","B"
"2515","Naive CD4+ T"
"2516","Effector CD8+ T"
"2517","Effector CD8+ T"
"2518","Naive CD4+ T"
"2519","Naive CD4+ T"
"2520","Naive CD4+ T"
"2521","Naive CD4+ T"
"2522","Naive CD4+ T"
"2523","B"
"2524","NK"
"2525","Effector CD8+ T"
"2526","NK"
"2527","Naive CD4+ T"
"2528","Naive CD4+ T"
"2529","Effector CD4+ T"
"2530","NK"
"2531","Effector CD4+ T"
"2532","Naive CD4+ T"
"2533","Naive CD8+ T"
"2534","Naive CD4+ T"
"2535","Effector CD4+ T"
"2536","Effector CD4+ T"
"2537","Naive CD4+ T"
"2538","NK"
"2539","Naive CD4+ T"
"2540","Effector CD8+ T"
"2541","Naive CD4+ T"
"2542","NK"
"2543","Naive CD4+ T"
"2544","Naive CD4+ T"
"2545","Naive CD4+ T"
"2546","NK"
"2547","Naive CD8+ T"
"2548","Effector CD4+ T"
"2549","Effector CD8+ T"
"2550","Effector CD4+ T"
"2551","Effector CD8+ T"
"2552","Naive CD4+ T"
"2553","Effector CD4+ T"
"2554","NK"
"2555","unknown"
"2556","Naive CD4+ T"
"2557","Naive CD4+ T"
"2558","unknown"
"2559","Naive CD8+ T"
"2560","Naive CD4+ T"
"2561","Naive CD4+ T"
"2562","Effector CD4+ T"
"2563","Naive CD4+ T"
"2564","Naive CD8+ T"
"2565","unknown"
"2566","Effector CD4+ T"
"2567","Naive CD8+ T"
"2568","Effector CD8+ T"
"2569","Effector CD4+ T"
"2570","Monocytes"
"2571","Naive CD4+ T"
"2572","Effector CD8+ T"
"2573","Effector CD4+ T"
"2574","Naive CD4+ T"
"2575","Effector CD8+ T"
"2576","Naive CD4+ T"
"2577","NK"
"2578","NK"
"2579","NK"
"2580","Monocytes"
"2581","Naive CD8+ T"
"2582","Naive CD4+ T"
"2583","NK"
"2584","Monocytes"
"2585","Naive CD4+ T"
"2586","Effector CD4+ T"
"2587","Effector CD8+ T"
"2588","NK"
"2589","Naive CD8+ T"
"2590","Effector CD4+ T"
"2591","Naive CD4+ T"
"2592","Effector CD4+ T"
"2593","Monocytes"
"2594","Naive CD8+ T"
"2595","Naive CD4+ T"
"2596","Effector CD8+ T"
"2597","Naive CD4+ T"
"2598","Effector CD8+ T"
"2599","Effector CD8+ T"
"2600","B"
"2601","Monocytes"
"2602","Effector CD4+ T"
"2603","Monocytes"
"2604","Naive CD4+ T"
"2605","Monocytes"
"2606","Naive CD8+ T"
"2607","Monocytes"
"2608","NK"
"2609","Effector CD4+ T"
"2610","NK"
"2611","Naive CD4+ T"
"2612","Effector CD4+ T"
"2613","Effector CD4+ T"
"2614","Effector CD4+ T"
"2615","Monocytes"
"2616","Effector CD4+ T"
"2617","Naive CD4+ T"
"2618","Effector CD4+ T"
"2619","Naive CD4+ T"
"2620","Effector CD4+ T"
"2621","Effector CD4+ T"
"2622","Naive CD4+ T"
"2623","NK"
"2624","Effector CD8+ T"
"2625","Naive CD4+ T"
"2626","Naive CD4+ T"
"2627","Naive CD4+ T"
"2628","Naive CD4+ T"
"2629","Effector CD8+ T"
"2630","Naive CD8+ T"
"2631","Naive CD8+ T"
"2632","Monocytes"
"2633","Effector CD4+ T"
"2634","Naive CD4+ T"
"2635","Naive CD4+ T"
"2636","Naive CD4+ T"
"2637","DC"
"2638","unknown"
"2639","Naive CD4+ T"
"2640","Naive CD4+ T"
"2641","Naive CD4+ T"
"2642","Naive CD8+ T"
"2643","Effector CD4+ T"
"2644","Naive CD4+ T"
"2645","Naive CD8+ T"
"2646","unknown"
"2647","Naive CD4+ T"
"2648","B"
"2649","Effector CD4+ T"
"2650","Naive CD4+ T"
"2651","Effector CD4+ T"
"2652","Naive CD4+ T"
"2653","Effector CD4+ T"
"2654","NK"
"2655","Effector CD8+ T"
"2656","Monocytes"
"2657","Effector CD4+ T"
"2658","Effector CD4+ T"
"2659","Naive CD8+ T"
"2660","Effector CD4+ T"
"2661","Naive CD4+ T"
"2662","Naive CD4+ T"
"2663","Effector CD4+ T"
"2664","Effector CD8+ T"
"2665","unknown"
"2666","Monocytes"
"2667","Effector CD4+ T"
"2668","Monocytes"
"2669","Effector CD4+ T"
"2670","unknown"
"2671","Naive CD8+ T"
"2672","Naive CD4+ T"
"2673","unknown"
"2674","Naive CD4+ T"
"2675","DC"
"2676","NK"
"2677","Effector CD8+ T"
"2678","Naive CD8+ T"
"2679","Naive CD4+ T"
"2680","Naive CD8+ T"
"2681","Naive CD4+ T"
"2682","Naive CD4+ T"
"2683","Naive CD4+ T"
"2684","Naive CD8+ T"
"2685","NK"
"2686","Naive CD4+ T"
"2687","Effector CD8+ T"
"2688","NK"
"2689","Monocytes"
"2690","Naive CD4+ T"
"2691","Effector CD8+ T"
"2692","Effector CD8+ T"
"2693","Naive CD4+ T"
"2694","Naive CD8+ T"
"2695","Effector CD4+ T"
"2696","DC"
"2697","Naive CD4+ T"
"2698","NK"
"2699","Monocytes"
"2700","Naive CD4+ T"
"2701","DC"
"2702","NK"
"2703","Effector CD4+ T"
"2704","Effector CD4+ T"
"2705","NK"
"2706","Effector CD4+ T"
"2707","Effector CD4+ T"
"2708","DC"
"2709","Naive CD8+ T"
"2710","Effector CD4+ T"
"2711","Effector CD8+ T"
"2712","Effector CD4+ T"
"2713","Naive CD4+ T"
"2714","Monocytes"
"2715","Effector CD8+ T"
"2716","unknown"
"2717","Effector CD4+ T"
"2718","Naive CD4+ T"
"2719","Monocytes"
"2720","B"
"2721","Naive CD4+ T"
"2722","B"
"2723","Monocytes"
"2724","Naive CD4+ T"
"2725","NK"
"2726","NK"
"2727","Naive CD4+ T"
"2728","Naive CD4+ T"
"2729","Effector CD4+ T"
"2730","Naive CD4+ T"
"2731","Naive CD4+ T"
"2732","B"
"2733","Monocytes"
"2734","B"
"2735","Naive CD8+ T"
"2736","B"
"2737","NK"
"2738","NK"
"2739","NK"
"2740","Naive CD8+ T"
"2741","Effector CD8+ T"
"2742","NK"
"2743","Effector CD4+ T"
"2744","Naive CD4+ T"
"2745","Effector CD4+ T"
"2746","NK"
"2747","Effector CD8+ T"
"2748","Naive CD4+ T"
"2749","Effector CD4+ T"
"2750","Naive CD8+ T"
"2751","Naive CD8+ T"
"2752","NK"
"2753","Naive CD4+ T"
"2754","Naive CD4+ T"
"2755","Effector CD4+ T"
"2756","Naive CD4+ T"
"2757","Effector CD8+ T"
"2758","unknown"
"2759","Effector CD8+ T"
"2760","Effector CD4+ T"
"2761","Effector CD4+ T"
"2762","NK"
"2763","Naive CD4+ T"
"2764","Effector CD4+ T"
"2765","DC"
"2766","Effector CD8+ T"
"2767","Effector CD4+ T"
"2768","NK"
"2769","unknown"
"2770","Monocytes"
"2771","Effector CD4+ T"
"2772","Effector CD8+ T"
"2773","Effector CD4+ T"
"2774","Naive CD8+ T"
"2775","Naive CD8+ T"
"2776","Effector CD8+ T"
"2777","DC"
"2778","Naive CD8+ T"
"2779","Naive CD4+ T"
"2780","Naive CD4+ T"
"2781","Effector CD4+ T"
"2782","Effector CD8+ T"
"2783","Naive CD4+ T"
"2784","Effector CD4+ T"
"2785","Naive CD4+ T"
"2786","Naive CD4+ T"
"2787","Naive CD4+ T"
"2788","Naive CD8+ T"
"2789","Naive CD8+ T"
"2790","unknown"
"2791","Monocytes"
"2792","Naive CD8+ T"
"2793","Effector CD8+ T"
"2794","Naive CD4+ T"
"2795","Effector CD8+ T"
"2796","Naive CD4+ T"
"2797","Effector CD4+ T"
"2798","Naive CD4+ T"
"2799","Naive CD4+ T"
"2800","Effector CD4+ T"
"2801","Effector CD4+ T"
"2802","Naive CD4+ T"
"2803","Naive CD4+ T"
"2804","Effector CD8+ T"
"2805","Effector CD4+ T"
"2806","DC"
"2807","Naive CD4+ T"
"2808","Monocytes"
"2809","Naive CD4+ T"
"2810","Effector CD4+ T"
"2811","Effector CD4+ T"
"2812","Naive CD8+ T"
"2813","NK"
"2814","NK"
"2815","unknown"
"2816","unknown"
"2817","Naive CD4+ T"
"2818","Naive CD4+ T"
"2819","NK"
"2820","Naive CD4+ T"
"2821","Monocytes"
"2822","Naive CD4+ T"
"2823","B"
"2824","Naive CD4+ T"
"2825","DC"
"2826","NK"
"2827","Effector CD8+ T"
"2828","Monocytes"
"2829","Naive CD8+ T"
"2830","Effector CD4+ T"
"2831","Naive CD8+ T"
"2832","unknown"
"2833","Naive CD4+ T"
"2834","Naive CD4+ T"
"2835","Monocytes"
"2836","Monocytes"
"2837","unknown"
"2838","Naive CD4+ T"
"2839","Effector CD4+ T"
"2840","Monocytes"
"2841","Effector CD8+ T"
"2842","Naive CD4+ T"
"2843","Monocytes"
"2844","Naive CD8+ T"
"2845","Monocytes"
"2846","Monocytes"
"2847","Naive CD8+ T"
"2848","NK"
"2849","Naive CD4+ T"
"2850","Effector CD4+ T"
"2851","Effector CD4+ T"
"2852","NK"
"2853","Effector CD4+ T"
"2854","Effector CD4+ T"
"2855","Effector CD4+ T"
"2856","Naive CD4+ T"
"2857","Naive CD4+ T"
"2858","Effector CD4+ T"
"2859","Naive CD4+ T"
"2860","Naive CD8+ T"
"2861","Naive CD4+ T"
"2862","Effector CD4+ T"
"2863","Naive CD4+ T"
"2864","Effector CD8+ T"
"2865","Naive CD8+ T"
"2866","DC"
"2867","Naive CD4+ T"
"2868","Naive CD8+ T"
"2869","Naive CD8+ T"
"2870","B"
"2871","Naive CD4+ T"
"2872","Naive CD4+ T"
"2873","Monocytes"
"2874","Effector CD8+ T"
"2875","B"
"2876","Naive CD8+ T"
"2877","Effector CD4+ T"
"2878","Effector CD8+ T"
"2879","Monocytes"
"2880","Naive CD4+ T"
"2881","Effector CD8+ T"
"2882","Naive CD4+ T"
"2883","Naive CD4+ T"
"2884","Effector CD8+ T"
"2885","Effector CD4+ T"
"2886","Naive CD8+ T"
"2887","NK"
"2888","Effector CD8+ T"
"2889","DC"
"2890","Naive CD8+ T"
"2891","Effector CD4+ T"
"2892","Effector CD4+ T"
"2893","Effector CD4+ T"
"2894","Effector CD4+ T"
"2895","Monocytes"
"2896","Naive CD8+ T"
"2897","NK"
"2898","Naive CD8+ T"
"2899","NK"
"2900","Effector CD8+ T"
"2901","Naive CD8+ T"
"2902","Naive CD4+ T"
"2903","B"
"2904","Naive CD4+ T"
"2905","Effector CD8+ T"
"2906","Effector CD8+ T"
"2907","Effector CD4+ T"
"2908","Effector CD4+ T"
"2909","Effector CD4+ T"
"2910","Effector CD4+ T"
"2911","NK"
"2912","Naive CD4+ T"
"2913","Effector CD4+ T"
"2914","Naive CD4+ T"
"2915","Naive CD4+ T"
"2916","Effector CD8+ T"
"2917","Naive CD4+ T"
"2918","unknown"
"2919","Monocytes"
"2920","Effector CD8+ T"
"2921","Monocytes"
"2922","Naive CD8+ T"
"2923","Effector CD4+ T"
"2924","Effector CD8+ T"
"2925","Monocytes"
"2926","Effector CD4+ T"
"2927","unknown"
"2928","Naive CD8+ T"
"2929","NK"
"2930","Naive CD4+ T"
"2931","Naive CD4+ T"
"2932","Monocytes"
"2933","Naive CD4+ T"
"2934","Naive CD4+ T"
"2935","Naive CD8+ T"
"2936","Effector CD4+ T"
"2937","Effector CD4+ T"
"2938","Naive CD4+ T"
"2939","Naive CD8+ T"
"2940","NK"
"2941","Effector CD4+ T"
"2942","Naive CD4+ T"
"2943","Naive CD4+ T"
"2944","Effector CD8+ T"
"2945","Naive CD8+ T"
"2946","Effector CD4+ T"
"2947","Naive CD8+ T"
"2948","Effector CD4+ T"
"2949","Naive CD8+ T"
"2950","Effector CD4+ T"
"2951","Effector CD4+ T"
"2952","Naive CD8+ T"
"2953","NK"
"2954","Naive CD4+ T"
"2955","Naive CD8+ T"
"2956","Effector CD4+ T"
"2957","Naive CD4+ T"
"2958","Monocytes"
"2959","Effector CD8+ T"
"2960","Naive CD8+ T"
"2961","Effector CD4+ T"
"2962","Effector CD4+ T"
"2963","Effector CD4+ T"
"2964","Naive CD4+ T"
"2965","Monocytes"
"2966","Effector CD4+ T"
"2967","Naive CD4+ T"
"2968","Naive CD8+ T"
"2969","Monocytes"
"2970","Effector CD4+ T"
"2971","Effector CD4+ T"
"2972","Monocytes"
"2973","Effector CD4+ T"
"2974","Monocytes"
"2975","Monocytes"
"2976","Naive CD8+ T"
"2977","Effector CD4+ T"
"2978","NK"
"2979","Effector CD4+ T"
"2980","Monocytes"
"2981","Effector CD4+ T"
"2982","Effector CD8+ T"
"2983","Effector CD8+ T"
"2984","Effector CD4+ T"
"2985","unknown"
"2986","Effector CD4+ T"
"2987","Naive CD8+ T"
"2988","Effector CD8+ T"
"2989","Effector CD4+ T"
"2990","Effector CD8+ T"
"2991","Effector CD4+ T"
"2992","NK"
"2993","Effector CD4+ T"
"2994","Effector CD4+ T"
"2995","Effector CD8+ T"
"2996","B"
"2997","Effector CD8+ T"
"2998","Effector CD4+ T"
"2999","Effector CD4+ T"
"3000","Naive CD4+ T"
"3001","Effector CD8+ T"
"3002","NK"
"3003","DC"
"3004","Naive CD8+ T"
"3005","Effector CD8+ T"
"3006","Monocytes"
"3007","Effector CD8+ T"
"3008","Effector CD4+ T"
"3009","DC"
"3010","Effector CD4+ T"
"3011","unknown"
"3012","Naive CD8+ T"
"3013","Effector CD4+ T"
"3014","Monocytes"
"3015","Effector CD4+ T"
"3016","Effector CD8+ T"
"3017","Naive CD4+ T"
"3018","Naive CD8+ T"
"3019","Effector CD4+ T"
"3020","Naive CD4+ T"
"3021","Naive CD4+ T"
"3022","Naive CD4+ T"
"3023","Naive CD4+ T"
"3024","Effector CD4+ T"
"3025","Naive CD4+ T"
"3026","Naive CD4+ T"
"3027","Effector CD4+ T"
"3028","Naive CD4+ T"
"3029","Effector CD4+ T"
"3030","unknown"
"3031","Naive CD8+ T"
"3032","Effector CD4+ T"
"3033","Effector CD4+ T"
"3034","Monocytes"
"3035","Monocytes"
"3036","Naive CD4+ T"
"3037","Naive CD8+ T"
"3038","Effector CD4+ T"
"3039","Naive CD8+ T"
"3040","Effector CD4+ T"
"3041","Effector CD4+ T"
"3042","Naive CD8+ T"
"3043","Effector CD4+ T"
"3044","Effector CD8+ T"
"3045","Effector CD4+ T"
"3046","NK"
"3047","Monocytes"
"3048","Naive CD4+ T"
"3049","Effector CD4+ T"
"3050","Effector CD8+ T"
"3051","Effector CD4+ T"
"3052","Effector CD4+ T"
"3053","B"
"3054","Monocytes"
"3055","Effector CD4+ T"
"3056","Naive CD4+ T"
"3057","NK"
"3058","Monocytes"
"3059","Effector CD4+ T"
"3060","Effector CD4+ T"
"3061","Naive CD4+ T"
"3062","DC"
"3063","NK"
"3064","Naive CD4+ T"
"3065","Naive CD4+ T"
"3066","Naive CD4+ T"
"3067","Naive CD4+ T"
"3068","Naive CD8+ T"
"3069","Naive CD8+ T"
"3070","Effector CD4+ T"
"3071","Naive CD4+ T"
"3072","Effector CD4+ T"
"3073","Effector CD8+ T"
"3074","Effector CD4+ T"
"3075","Naive CD4+ T"
"3076","Effector CD8+ T"
"3077","unknown"
"3078","Effector CD4+ T"
"3079","Effector CD4+ T"
"3080","DC"
"3081","Monocytes"
"3082","NK"
"3083","Naive CD4+ T"
"3084","Effector CD4+ T"
"3085","Effector CD8+ T"
"3086","Effector CD4+ T"
"3087","B"
"3088","Naive CD4+ T"
"3089","unknown"
"3090","Effector CD4+ T"
"3091","Effector CD8+ T"
"3092","Naive CD4+ T"
"3093","Naive CD4+ T"
"3094","Effector CD8+ T"
"3095","Naive CD4+ T"
"3096","Naive CD8+ T"
"3097","Naive CD4+ T"
"3098","Effector CD8+ T"
"3099","unknown"
"3100","DC"
"3101","Naive CD4+ T"
"3102","B"
"3103","Effector CD4+ T"
"3104","Naive CD8+ T"
"3105","NK"
"3106","Effector CD4+ T"
"3107","Naive CD4+ T"
"3108","Effector CD4+ T"
"3109","Naive CD4+ T"
"3110","Effector CD8+ T"
"3111","Monocytes"
"3112","Effector CD4+ T"
"3113","Monocytes"
"3114","B"
"3115","unknown"
"3116","Naive CD4+ T"
"3117","NK"
"3118","Effector CD4+ T"
"3119","Effector CD8+ T"
"3120","Effector CD4+ T"
"3121","Naive CD4+ T"
"3122","NK"
"3123","Monocytes"
"3124","Effector CD4+ T"
"3125","Monocytes"
"3126","Naive CD4+ T"
"3127","NK"
"3128","Effector CD8+ T"
"3129","Naive CD4+ T"
"3130","Naive CD4+ T"
"3131","Effector CD4+ T"
"3132","Monocytes"
"3133","NK"
"3134","NK"
"3135","Naive CD4+ T"
"3136","Naive CD4+ T"
"3137","Effector CD4+ T"
"3138","NK"
"3139","NK"
"3140","NK"
"3141","Effector CD4+ T"
"3142","NK"
"3143","Effector CD4+ T"
"3144","NK"
"3145","NK"
"3146","Monocytes"
"3147","Effector CD4+ T"
"3148","Naive CD4+ T"
"3149","Monocytes"
"3150","unknown"
"3151","NK"
"3152","DC"
"3153","Naive CD8+ T"
"3154","DC"
"3155","Naive CD8+ T"
"3156","Monocytes"
"3157","Effector CD4+ T"
"3158","Effector CD4+ T"
"3159","B"
"3160","Naive CD4+ T"
"3161","Monocytes"
"3162","Effector CD8+ T"
"3163","Effector CD8+ T"
"3164","Naive CD4+ T"
"3165","Effector CD4+ T"
"3166","Effector CD8+ T"
"3167","Naive CD8+ T"
"3168","Naive CD4+ T"
"3169","B"
"3170","Naive CD8+ T"
"3171","Effector CD4+ T"
"3172","Naive CD4+ T"
"3173","Effector CD4+ T"
"3174","Naive CD4+ T"
"3175","NK"
"3176","Effector CD8+ T"
"3177","Naive CD8+ T"
"3178","Naive CD4+ T"
"3179","B"
"3180","unknown"
"3181","Effector CD8+ T"
"3182","Effector CD4+ T"
"3183","Naive CD4+ T"
"3184","Effector CD4+ T"
"3185","Effector CD4+ T"
"3186","Monocytes"
"3187","NK"
"3188","Effector CD4+ T"
"3189","Naive CD4+ T"
"3190","Monocytes"
"3191","Naive CD4+ T"
"3192","Naive CD4+ T"
"3193","NK"
"3194","Effector CD4+ T"
"3195","Naive CD4+ T"
"3196","Naive CD8+ T"
"3197","Effector CD8+ T"
"3198","B"
"3199","Naive CD4+ T"
"3200","Monocytes"
"3201","Effector CD4+ T"
"3202","Monocytes"
"3203","Effector CD4+ T"
"3204","Naive CD8+ T"
"3205","Monocytes"
"3206","Monocytes"
"3207","Naive CD4+ T"
"3208","NK"
"3209","Effector CD4+ T"
"3210","NK"
"3211","Naive CD4+ T"
"3212","Monocytes"
"3213","NK"
"3214","Effector CD4+ T"
"3215","Naive CD4+ T"
"3216","Effector CD8+ T"
"3217","Naive CD4+ T"
"3218","Monocytes"
"3219","B"
"3220","Naive CD4+ T"
"3221","DC"
"3222","Naive CD4+ T"
"3223","Effector CD4+ T"
"3224","Monocytes"
"3225","Naive CD4+ T"
"3226","Monocytes"
"3227","unknown"
"3228","Naive CD8+ T"
"3229","Effector CD8+ T"
"3230","Effector CD8+ T"
"3231","Effector CD4+ T"
"3232","Naive CD4+ T"
"3233","Naive CD4+ T"
"3234","Naive CD4+ T"
"3235","Naive CD4+ T"
"3236","Naive CD8+ T"
"3237","Naive CD8+ T"
"3238","Monocytes"
"3239","Monocytes"
"3240","Monocytes"
"3241","unknown"
"3242","Effector CD8+ T"
"3243","Effector CD8+ T"
"3244","Naive CD8+ T"
"3245","Naive CD8+ T"
"3246","Effector CD8+ T"
"3247","Naive CD4+ T"
"3248","NK"
"3249","NK"
"3250","Monocytes"
"3251","Effector CD4+ T"
"3252","Naive CD8+ T"
"3253","NK"
"3254","Monocytes"
"3255","Effector CD8+ T"
"3256","Naive CD8+ T"
"3257","Naive CD4+ T"
"3258","Effector CD4+ T"
"3259","unknown"
"3260","Effector CD4+ T"
"3261","B"
"3262","Effector CD4+ T"
"3263","Naive CD4+ T"
"3264","Naive CD4+ T"
"3265","Effector CD8+ T"
"3266","Effector CD4+ T"
"3267","Effector CD4+ T"
"3268","Naive CD8+ T"
"3269","Effector CD4+ T"
"3270","Naive CD8+ T"
"3271","Naive CD4+ T"
"3272","Naive CD4+ T"
"3273","Effector CD4+ T"
"3274","Effector CD4+ T"
"3275","Naive CD4+ T"
"3276","Effector CD8+ T"
"3277","Effector CD4+ T"
"3278","Effector CD4+ T"
"3279","Effector CD4+ T"
"3280","Effector CD4+ T"
"3281","Naive CD4+ T"
"3282","Monocytes"
"3283","Effector CD8+ T"
"3284","Effector CD4+ T"
"3285","Naive CD8+ T"
"3286","Naive CD4+ T"
"3287","Naive CD4+ T"
"3288","Naive CD4+ T"
"3289","Effector CD4+ T"
"3290","Effector CD4+ T"
"3291","Effector CD4+ T"
"3292","Effector CD8+ T"
"3293","DC"
"3294","B"
"3295","Effector CD4+ T"
"3296","Naive CD4+ T"
"3297","Effector CD4+ T"
"3298","Naive CD4+ T"
"3299","Naive CD4+ T"
"3300","Effector CD4+ T"
"3301","DC"
"3302","Naive CD8+ T"
"3303","Naive CD8+ T"
"3304","DC"
"3305","Naive CD8+ T"
"3306","Monocytes"
"3307","Effector CD4+ T"
"3308","Effector CD4+ T"
"3309","B"
"3310","Naive CD8+ T"
"3311","Naive CD4+ T"
"3312","Naive CD8+ T"
"3313","Effector CD4+ T"
"3314","B"
"3315","Naive CD4+ T"
"3316","Naive CD4+ T"
"3317","Naive CD4+ T"
"3318","Effector CD4+ T"
"3319","Effector CD8+ T"
"3320","Effector CD4+ T"
"3321","NK"
"3322","Effector CD8+ T"
"3323","DC"
"3324","Effector CD4+ T"
"3325","Effector CD4+ T"
"3326","Effector CD4+ T"
"3327","Monocytes"
"3328","Naive CD4+ T"
"3329","Effector CD4+ T"
"3330","DC"
"3331","Effector CD4+ T"
"3332","Naive CD8+ T"
"3333","Naive CD4+ T"
"3334","Effector CD4+ T"
"3335","Effector CD4+ T"
"3336","Naive CD8+ T"
"3337","Naive CD4+ T"
"3338","Effector CD4+ T"
"3339","B"
"3340","Effector CD4+ T"
"3341","Naive CD4+ T"
"3342","Monocytes"
"3343","DC"
"3344","Naive CD4+ T"
"3345","Naive CD4+ T"
"3346","Effector CD8+ T"
"3347","Monocytes"
"3348","B"
"3349","NK"
"3350","Effector CD4+ T"
"3351","Effector CD8+ T"
"3352","Monocytes"
"3353","Naive CD4+ T"
"3354","Naive CD8+ T"
"3355","unknown"
"3356","Monocytes"
"3357","Effector CD4+ T"
"3358","Naive CD4+ T"
"3359","Effector CD4+ T"
"3360","Effector CD4+ T"
"3361","Naive CD4+ T"
"3362","Effector CD4+ T"
"3363","Monocytes"
"3364","Effector CD4+ T"
"3365","B"
"3366","Naive CD8+ T"
"3367","unknown"
"3368","Naive CD4+ T"
"3369","Effector CD4+ T"
"3370","Naive CD8+ T"
"3371","Monocytes"
"3372","Monocytes"
"3373","Naive CD4+ T"
"3374","NK"
"3375","Effector CD8+ T"
"3376","Effector CD4+ T"
"3377","Naive CD4+ T"
"3378","Naive CD4+ T"
"3379","Naive CD4+ T"
"3380","Effector CD4+ T"
"3381","B"
"3382","Effector CD8+ T"
"3383","Naive CD4+ T"
"3384","Effector CD4+ T"
"3385","unknown"
"3386","Naive CD8+ T"
"3387","Naive CD8+ T"
"3388","Effector CD4+ T"
"3389","Naive CD4+ T"
"3390","Effector CD4+ T"
"3391","Naive CD8+ T"
"3392","Effector CD4+ T"
"3393","NK"
"3394","Effector CD4+ T"
"3395","Monocytes"
"3396","Effector CD8+ T"
"3397","Effector CD4+ T"
"3398","Naive CD4+ T"
"3399","Effector CD4+ T"
"3400","unknown"
"3401","Naive CD4+ T"
"3402","DC"
"3403","unknown"
"3404","NK"
"3405","Naive CD4+ T"
"3406","Naive CD4+ T"
"3407","Effector CD4+ T"
"3408","NK"
"3409","Naive CD4+ T"
"3410","Effector CD4+ T"
"3411","Naive CD4+ T"
"3412","Effector CD8+ T"
"3413","Effector CD8+ T"
"3414","Monocytes"
"3415","Monocytes"
"3416","NK"
"3417","Effector CD4+ T"
"3418","Naive CD8+ T"
"3419","Effector CD4+ T"
"3420","Naive CD4+ T"
"3421","Effector CD4+ T"
"3422","Effector CD4+ T"
"3423","Naive CD8+ T"
"3424","Naive CD4+ T"
"3425","Effector CD4+ T"
"3426","Effector CD4+ T"
"3427","Effector CD4+ T"
"3428","Monocytes"
"3429","Naive CD4+ T"
"3430","Naive CD4+ T"
"3431","Effector CD8+ T"
"3432","Effector CD4+ T"
"3433","Naive CD8+ T"
"3434","unknown"
"3435","Monocytes"
"3436","Naive CD4+ T"
"3437","Effector CD4+ T"
"3438","Effector CD8+ T"
"3439","Effector CD4+ T"
"3440","Naive CD4+ T"
"3441","Naive CD4+ T"
"3442","Naive CD4+ T"
"3443","Effector CD4+ T"
"3444","Naive CD4+ T"
"3445","Naive CD4+ T"
"3446","Naive CD4+ T"
"3447","Naive CD4+ T"
"3448","Effector CD8+ T"
"3449","Monocytes"
"3450","Naive CD4+ T"
"3451","Naive CD4+ T"
"3452","Effector CD4+ T"
"3453","NK"
"3454","Effector CD4+ T"
"3455","Monocytes"
"3456","Monocytes"
"3457","Naive CD4+ T"
"3458","Effector CD8+ T"
"3459","unknown"
"3460","DC"
"3461","B"
"3462","B"
"3463","Effector CD4+ T"
"3464","Effector CD4+ T"
"3465","Naive CD4+ T"
"3466","Monocytes"
"3467","Effector CD8+ T"
"3468","Naive CD8+ T"
"3469","Naive CD4+ T"
"3470","Naive CD4+ T"
"3471","Effector CD8+ T"
"3472","Monocytes"
"3473","DC"
"3474","Naive CD4+ T"
"3475","DC"
"3476","Effector CD4+ T"
"3477","Effector CD4+ T"
"3478","NK"
"3479","DC"
"3480","Monocytes"
"3481","Monocytes"
"3482","Naive CD4+ T"
"3483","Naive CD4+ T"
"3484","Effector CD4+ T"
"3485","Naive CD8+ T"
"3486","Effector CD4+ T"
"3487","Effector CD4+ T"
"3488","Naive CD4+ T"
"3489","Naive CD4+ T"
"3490","Effector CD4+ T"
"3491","Effector CD4+ T"
"3492","Naive CD8+ T"
"3493","Effector CD4+ T"
"3494","NK"
"3495","Effector CD4+ T"
"3496","DC"
"3497","Effector CD8+ T"
"3498","Effector CD8+ T"
"3499","Naive CD4+ T"
"3500","Effector CD4+ T"
"3501","Effector CD4+ T"
"3502","Naive CD4+ T"
"3503","Naive CD8+ T"
"3504","Naive CD4+ T"
"3505","Effector CD8+ T"
"3506","Effector CD4+ T"
"3507","Naive CD4+ T"
"3508","Monocytes"
"3509","Effector CD8+ T"
"3510","Effector CD4+ T"
"3511","NK"
"3512","Effector CD8+ T"
"3513","Effector CD4+ T"
"3514","NK"
"3515","NK"
"3516","Effector CD4+ T"
"3517","Effector CD4+ T"
"3518","Effector CD4+ T"
"3519","Effector CD4+ T"
"3520","Naive CD4+ T"
"3521","Naive CD4+ T"
"3522","Monocytes"
"3523","Effector CD4+ T"
"3524","NK"
"3525","Effector CD4+ T"
"3526","Naive CD4+ T"
"3527","Monocytes"
"3528","Monocytes"
"3529","Effector CD4+ T"
"3530","Effector CD4+ T"
"3531","Monocytes"
"3532","Effector CD4+ T"
"3533","Effector CD4+ T"
"3534","Effector CD4+ T"
"3535","NK"
"3536","Monocytes"
"3537","Effector CD4+ T"
"3538","Effector CD4+ T"
"3539","Effector CD4+ T"
"3540","DC"
"3541","Effector CD4+ T"
"3542","Naive CD4+ T"
"3543","Naive CD4+ T"
"3544","Effector CD4+ T"
"3545","Naive CD4+ T"
"3546","Monocytes"
"3547","Naive CD8+ T"
"3548","Effector CD4+ T"
"3549","Effector CD4+ T"
"3550","Effector CD4+ T"
"3551","Naive CD4+ T"
"3552","Effector CD4+ T"
"3553","Effector CD4+ T"
"3554","Effector CD4+ T"
"3555","Effector CD4+ T"
"3556","NK"
"3557","Effector CD4+ T"
"3558","Monocytes"
"3559","Naive CD4+ T"
"3560","Effector CD4+ T"
"3561","Effector CD8+ T"
"3562","Effector CD4+ T"
"3563","Effector CD4+ T"
"3564","Naive CD4+ T"
"3565","Monocytes"
"3566","Naive CD4+ T"
"3567","B"
"3568","Monocytes"
"3569","NK"
"3570","Naive CD8+ T"
"3571","Effector CD4+ T"
"3572","Naive CD8+ T"
"3573","Naive CD4+ T"
"3574","Monocytes"
"3575","Effector CD4+ T"
"3576","Effector CD4+ T"
"3577","DC"
"3578","Monocytes"
"3579","Naive CD8+ T"
"3580","Effector CD4+ T"
"3581","Effector CD4+ T"
"3582","DC"
"3583","Naive CD4+ T"
"3584","Effector CD4+ T"
"3585","Effector CD4+ T"
"3586","Naive CD4+ T"
"3587","Effector CD4+ T"
"3588","Effector CD4+ T"
"3589","Naive CD4+ T"
"3590","Effector CD8+ T"
"3591","Naive CD4+ T"
"3592","Naive CD4+ T"
"3593","Monocytes"
"3594","Monocytes"
"3595","Effector CD4+ T"
"3596","Effector CD4+ T"
"3597","Naive CD4+ T"
"3598","Effector CD4+ T"
"3599","B"
"3600","Naive CD8+ T"
"3601","Naive CD4+ T"
"3602","Naive CD4+ T"
"3603","Effector CD8+ T"
"3604","Effector CD4+ T"
"3605","unknown"
"3606","Naive CD4+ T"
"3607","Effector CD8+ T"
"3608","Effector CD4+ T"
"3609","Effector CD4+ T"
"3610","Monocytes"
"3611","Naive CD4+ T"
"3612","Monocytes"
"3613","Effector CD4+ T"
"3614","DC"
"3615","Effector CD8+ T"
"3616","unknown"
"3617","Naive CD4+ T"
"3618","unknown"
"3619","Naive CD4+ T"
"3620","B"
"3621","Effector CD4+ T"
"3622","Effector CD4+ T"
"3623","Naive CD8+ T"
"3624","Effector CD4+ T"
"3625","DC"
"3626","Effector CD4+ T"
"3627","Effector CD4+ T"
"3628","Effector CD4+ T"
"3629","Effector CD4+ T"
"3630","Monocytes"
"3631","Effector CD4+ T"
"3632","Effector CD4+ T"
"3633","Effector CD4+ T"
"3634","DC"
"3635","Naive CD8+ T"
"3636","Effector CD4+ T"
"3637","Naive CD4+ T"
"3638","Naive CD4+ T"
"3639","Effector CD8+ T"
"3640","Naive CD4+ T"
"3641","DC"
"3642","Monocytes"
"3643","NK"
"3644","B"
"3645","Monocytes"
"3646","Effector CD8+ T"
"3647","Monocytes"
"3648","Monocytes"
"3649","Monocytes"
"3650","Naive CD8+ T"
"3651","Naive CD8+ T"
"3652","NK"
"3653","Naive CD4+ T"
"3654","Monocytes"
"3655","Effector CD4+ T"
"3656","Monocytes"
"3657","Monocytes"
"3658","Effector CD4+ T"
"3659","Effector CD8+ T"
"3660","Naive CD4+ T"
"3661","Naive CD4+ T"
"3662","Effector CD8+ T"
"3663","Naive CD4+ T"
"3664","Monocytes"
"3665","Effector CD4+ T"
"3666","Effector CD4+ T"
"3667","Naive CD4+ T"
"3668","unknown"
"3669","Effector CD4+ T"
"3670","Effector CD4+ T"
"3671","Effector CD4+ T"
"3672","Effector CD4+ T"
"3673","Effector CD4+ T"
"3674","DC"
"3675","Monocytes"
"3676","Monocytes"
"3677","Naive CD8+ T"
"3678","Effector CD8+ T"
"3679","Monocytes"
"3680","Effector CD4+ T"
"3681","DC"
"3682","Naive CD4+ T"
"3683","Monocytes"
"3684","Naive CD4+ T"
"3685","Monocytes"
"3686","Naive CD4+ T"
"3687","Monocytes"
"3688","Naive CD4+ T"
"3689","Naive CD4+ T"
"3690","Effector CD4+ T"
"3691","Effector CD4+ T"
"3692","Effector CD4+ T"
"3693","Effector CD4+ T"
"3694","Naive CD4+ T"
"3695","NK"
"3696","Naive CD8+ T"
"3697","NK"
"3698","Monocytes"
"3699","Monocytes"
"3700","Effector CD8+ T"
"3701","Effector CD4+ T"
"3702","unknown"
"3703","unknown"
"3704","Effector CD4+ T"
"3705","Effector CD4+ T"
"3706","B"
"3707","DC"
"3708","NK"
"3709","Monocytes"
"3710","Effector CD4+ T"
"3711","NK"
"3712","Effector CD8+ T"
"3713","Effector CD4+ T"
"3714","NK"
"3715","Effector CD4+ T"
"3716","B"
"3717","Effector CD4+ T"
"3718","Effector CD4+ T"
"3719","Naive CD4+ T"
"3720","Effector CD8+ T"
"3721","Naive CD4+ T"
"3722","Naive CD8+ T"
"3723","DC"
"3724","Monocytes"
"3725","Naive CD8+ T"
"3726","Monocytes"
"3727","Effector CD4+ T"
"3728","Naive CD4+ T"
"3729","Effector CD4+ T"
"3730","Effector CD4+ T"
"3731","Effector CD4+ T"
"3732","B"
"3733","Monocytes"
"3734","NK"
"3735","Effector CD8+ T"
"3736","Effector CD4+ T"
"3737","NK"
"3738","Effector CD4+ T"
"3739","Naive CD4+ T"
"3740","Monocytes"
"3741","NK"
"3742","Effector CD4+ T"
"3743","Effector CD4+ T"
"3744","Monocytes"
"3745","Effector CD4+ T"
"3746","Naive CD4+ T"
"3747","Naive CD4+ T"
"3748","Effector CD4+ T"
"3749","Naive CD4+ T"
"3750","Effector CD4+ T"
"3751","Effector CD4+ T"
"3752","Naive CD8+ T"
"3753","DC"
"3754","unknown"
"3755","unknown"
"3756","DC"
"3757","Effector CD4+ T"
"3758","Naive CD4+ T"
"3759","DC"
"3760","Monocytes"
"3761","Effector CD8+ T"
"3762","Naive CD4+ T"
"3763","Naive CD4+ T"
"3764","Effector CD4+ T"
"3765","Naive CD4+ T"
"3766","Naive CD8+ T"
"3767","NK"
"3768","Naive CD4+ T"
"3769","Effector CD4+ T"
"3770","Naive CD4+ T"
"3771","Monocytes"
"3772","Naive CD8+ T"
"3773","Effector CD4+ T"
"3774","NK"
"3775","B"
"3776","Effector CD4+ T"
"3777","Effector CD4+ T"
"3778","Effector CD4+ T"
"3779","Effector CD4+ T"
"3780","Effector CD4+ T"
"3781","Effector CD4+ T"
"3782","Naive CD8+ T"
"3783","Effector CD8+ T"
"3784","Naive CD8+ T"
"3785","Naive CD4+ T"
"3786","Naive CD4+ T"
"3787","B"
"3788","Naive CD4+ T"
"3789","Naive CD8+ T"
"3790","Monocytes"
"3791","DC"
"3792","Effector CD8+ T"
"3793","Naive CD4+ T"
"3794","Monocytes"
"3795","B"
"3796","NK"
"3797","Effector CD4+ T"
"3798","unknown"
"3799","Effector CD4+ T"
"3800","Effector CD8+ T"
"3801","Monocytes"
"3802","unknown"
"3803","Monocytes"
"3804","Monocytes"
"3805","Monocytes"
"3806","Naive CD8+ T"
"3807","Effector CD4+ T"
"3808","Effector CD4+ T"
"3809","Naive CD4+ T"
"3810","Effector CD4+ T"
"3811","NK"
"3812","Effector CD4+ T"
"3813","unknown"
"3814","unknown"
"3815","Effector CD4+ T"
"3816","Effector CD4+ T"
"3817","Effector CD4+ T"
"3818","Monocytes"
"3819","DC"
"3820","DC"
"3821","Effector CD8+ T"
"3822","Effector CD4+ T"
"3823","Effector CD4+ T"
"3824","Effector CD8+ T"
"3825","Effector CD8+ T"
"3826","Naive CD8+ T"
"3827","Monocytes"
"3828","Monocytes"
"3829","Monocytes"
"3830","Naive CD8+ T"
"3831","NK"
"3832","DC"
"3833","NK"
"3834","B"
"3835","Monocytes"
"3836","Monocytes"
"3837","Effector CD4+ T"
"3838","B"
"3839","Naive CD4+ T"
"3840","unknown"
"3841","Effector CD8+ T"
"3842","Effector CD4+ T"
"3843","Effector CD4+ T"
"3844","Effector CD4+ T"
"3845","Effector CD4+ T"
"3846","Effector CD8+ T"
"3847","Naive CD8+ T"
"3848","Naive CD4+ T"
"3849","Monocytes"
"3850","Effector CD4+ T"
"3851","Naive CD4+ T"
"3852","Effector CD8+ T"
"3853","Effector CD4+ T"
"3854","Effector CD4+ T"
"3855","Effector CD4+ T"
"3856","Monocytes"
"3857","Effector CD4+ T"
"3858","Effector CD8+ T"
"3859","NK"
"3860","DC"
"3861","Monocytes"
"3862","B"
"3863","Monocytes"
"3864","Effector CD4+ T"
"3865","Effector CD4+ T"
"3866","Naive CD4+ T"
"3867","Effector CD8+ T"
"3868","DC"
"3869","Effector CD4+ T"
"3870","Monocytes"
"3871","DC"
"3872","Effector CD4+ T"
"3873","Effector CD4+ T"
"3874","Effector CD4+ T"
"3875","Naive CD4+ T"
"3876","NK"
"3877","NK"
"3878","NK"
"3879","Effector CD8+ T"
"3880","Monocytes"
"3881","Effector CD4+ T"
"3882","Monocytes"
"3883","Naive CD4+ T"
"3884","Effector CD8+ T"
"3885","Effector CD4+ T"
"3886","Effector CD4+ T"
"3887","Naive CD4+ T"
"3888","Effector CD4+ T"
"3889","Effector CD4+ T"
"3890","Effector CD4+ T"
"3891","Effector CD4+ T"
"3892","Monocytes"
"3893","B"
"3894","Monocytes"
"3895","Effector CD4+ T"
"3896","Effector CD4+ T"
"3897","Monocytes"
"3898","Naive CD4+ T"
"3899","Effector CD4+ T"
"3900","DC"
"3901","Naive CD8+ T"
"3902","Naive CD8+ T"
"3903","Effector CD8+ T"
"3904","Monocytes"
"3905","NK"
"3906","Monocytes"
"3907","Effector CD4+ T"
"3908","Monocytes"
"3909","B"
"3910","Naive CD4+ T"
"3911","Effector CD4+ T"
"3912","Effector CD4+ T"
"3913","Effector CD4+ T"
"3914","DC"
"3915","NK"
"3916","Monocytes"
"3917","Monocytes"
"3918","NK"
"3919","Effector CD4+ T"
"3920","Naive CD8+ T"
"3921","NK"
"3922","Effector CD4+ T"
"3923","Effector CD4+ T"
"3924","Effector CD8+ T"
"3925","Monocytes"
"3926","Effector CD4+ T"
"3927","Effector CD4+ T"
"3928","Monocytes"
"3929","Effector CD4+ T"
"3930","NK"
"3931","Monocytes"
"3932","Effector CD4+ T"
"3933","Effector CD4+ T"
"3934","Monocytes"
"3935","unknown"
"3936","Naive CD8+ T"
"3937","Monocytes"
"3938","DC"
"3939","Monocytes"
"3940","Naive CD8+ T"
"3941","Effector CD4+ T"
"3942","B"
"3943","Naive CD8+ T"
"3944","NK"
"3945","unknown"
"3946","Effector CD4+ T"
"3947","Effector CD4+ T"
"3948","Effector CD4+ T"
"3949","DC"
"3950","Naive CD8+ T"
"3951","DC"
"3952","DC"
"3953","Effector CD8+ T"
"3954","Effector CD4+ T"
"3955","NK"
"3956","Effector CD4+ T"
"3957","Naive CD8+ T"
"3958","Naive CD8+ T"
"3959","Effector CD4+ T"
"3960","Effector CD4+ T"
"3961","Monocytes"
"3962","Effector CD4+ T"
"3963","Effector CD4+ T"
"3964","unknown"
"3965","Effector CD4+ T"
"3966","Effector CD4+ T"
"3967","Effector CD4+ T"
"3968","Effector CD8+ T"
"3969","Monocytes"
"3970","Naive CD8+ T"
"3971","Effector CD8+ T"
"3972","Effector CD4+ T"
"3973","Monocytes"
"3974","Naive CD8+ T"
"3975","NK"
"3976","DC"
"3977","Effector CD4+ T"
"3978","unknown"
"3979","Monocytes"
"3980","Effector CD4+ T"
"3981","Naive CD4+ T"
"3982","Effector CD4+ T"
"3983","Effector CD4+ T"
"3984","Effector CD4+ T"
"3985","Monocytes"
"3986","Monocytes"
"3987","Monocytes"
"3988","Monocytes"
"3989","Monocytes"
"3990","Monocytes"
"3991","Monocytes"
"3992","unknown"
"3993","Effector CD4+ T"
"3994","Effector CD4+ T"
"3995","Effector CD8+ T"
"3996","Monocytes"
"3997","B"
"3998","Naive CD4+ T"
"3999","Naive CD4+ T"
"4000","Monocytes"
"4001","Effector CD4+ T"
"4002","DC"
"4003","NK"
"4004","Effector CD4+ T"
"4005","Effector CD4+ T"
"4006","unknown"
"4007","Naive CD8+ T"
"4008","Naive CD4+ T"
"4009","Effector CD4+ T"
"4010","Naive CD8+ T"
"4011","Monocytes"
"4012","Naive CD4+ T"
"4013","Monocytes"
"4014","Monocytes"
"4015","Monocytes"
"4016","Monocytes"
"4017","Naive CD4+ T"
"4018","Effector CD4+ T"
"4019","Monocytes"
"4020","NK"
"4021","Effector CD4+ T"
"4022","Effector CD4+ T"
"4023","Effector CD8+ T"
"4024","Monocytes"
"4025","Effector CD4+ T"
"4026","DC"
"4027","Naive CD4+ T"
"4028","DC"
"4029","Naive CD4+ T"
"4030","Monocytes"
"4031","Effector CD8+ T"
"4032","Effector CD4+ T"
"4033","Effector CD8+ T"
"4034","Monocytes"
"4035","Effector CD4+ T"
"4036","Naive CD8+ T"
"4037","Effector CD4+ T"
"4038","Naive CD4+ T"
"4039","Effector CD4+ T"
"4040","NK"
"4041","Naive CD8+ T"
"4042","Naive CD4+ T"
"4043","Naive CD4+ T"
"4044","Effector CD4+ T"
"4045","Naive CD4+ T"
"4046","Effector CD8+ T"
"4047","Effector CD4+ T"
"4048","Effector CD4+ T"
"4049","Effector CD4+ T"
"4050","Monocytes"
"4051","Effector CD4+ T"
"4052","Naive CD4+ T"
"4053","Effector CD8+ T"
"4054","Effector CD4+ T"
"4055","Monocytes"
"4056","Monocytes"
"4057","Naive CD8+ T"
"4058","Naive CD8+ T"
"4059","Naive CD8+ T"
"4060","Effector CD8+ T"
"4061","Effector CD4+ T"
"4062","Effector CD4+ T"
"4063","Monocytes"
"4064","Effector CD4+ T"
"4065","NK"
"4066","Naive CD8+ T"
"4067","Naive CD8+ T"
"4068","Effector CD4+ T"
"4069","Naive CD4+ T"
"4070","NK"
"4071","unknown"
"4072","Effector CD8+ T"
"4073","DC"
"4074","Monocytes"
"4075","Naive CD4+ T"
"4076","Effector CD4+ T"
"4077","Naive CD4+ T"
"4078","Monocytes"
"4079","Naive CD8+ T"
"4080","Naive CD8+ T"
"4081","Effector CD4+ T"
"4082","B"
"4083","Effector CD4+ T"
"4084","Monocytes"
"4085","Monocytes"
"4086","Monocytes"
"4087","Monocytes"
"4088","Effector CD4+ T"
"4089","Monocytes"
"4090","Effector CD8+ T"
"4091","Monocytes"
"4092","DC"
"4093","Naive CD8+ T"
"4094","Effector CD4+ T"
"4095","Monocytes"
"4096","Naive CD8+ T"
"4097","Naive CD8+ T"
"4098","Effector CD8+ T"
"4099","Monocytes"
"4100","Monocytes"
"4101","Monocytes"
"4102","Effector CD4+ T"
"4103","Effector CD4+ T"
"4104","Monocytes"
"4105","Naive CD4+ T"
"4106","Monocytes"
"4107","DC"
"4108","Effector CD4+ T"
"4109","Effector CD4+ T"
"4110","Effector CD4+ T"
"4111","Effector CD4+ T"
"4112","Effector CD4+ T"
"4113","Naive CD8+ T"
"4114","Effector CD4+ T"
"4115","Naive CD4+ T"
"4116","unknown"
"4117","NK"
"4118","Effector CD8+ T"
"4119","Naive CD8+ T"
"4120","DC"
"4121","Monocytes"
"4122","Effector CD4+ T"
"4123","unknown"
"4124","Naive CD8+ T"
"4125","Naive CD4+ T"
"4126","Monocytes"
"4127","NK"
"4128","Effector CD8+ T"
"4129","Monocytes"
"4130","Naive CD4+ T"
"4131","Naive CD8+ T"
"4132","Effector CD4+ T"
"4133","Effector CD8+ T"
"4134","Monocytes"
"4135","Naive CD4+ T"
"4136","Naive CD8+ T"
"4137","Effector CD4+ T"
"4138","Effector CD4+ T"
"4139","Naive CD4+ T"
"4140","DC"
"4141","Effector CD4+ T"
"4142","DC"
"4143","Effector CD8+ T"
"4144","Naive CD4+ T"
"4145","DC"
"4146","Naive CD4+ T"
"4147","Naive CD4+ T"
"4148","Naive CD8+ T"
"4149","Naive CD4+ T"
"4150","Monocytes"
"4151","Effector CD4+ T"
"4152","Effector CD8+ T"
"4153","Effector CD4+ T"
"4154","Monocytes"
"4155","Naive CD4+ T"
"4156","Effector CD4+ T"
"4157","Effector CD4+ T"
"4158","Monocytes"
"4159","Monocytes"
"4160","Effector CD4+ T"
"4161","Effector CD4+ T"
"4162","unknown"
"4163","Monocytes"
"4164","Naive CD4+ T"
"4165","Effector CD4+ T"
"4166","Naive CD4+ T"
"4167","Effector CD4+ T"
"4168","B"
"4169","Naive CD8+ T"
"4170","Monocytes"
"4171","Monocytes"
"4172","Effector CD4+ T"
"4173","Naive CD4+ T"
"4174","Effector CD4+ T"
"4175","Monocytes"
"4176","Monocytes"
"4177","Naive CD4+ T"
"4178","DC"
"4179","Effector CD4+ T"
"4180","Effector CD4+ T"
"4181","Effector CD4+ T"
"4182","Naive CD4+ T"
"4183","DC"
"4184","Naive CD8+ T"
"4185","Naive CD4+ T"
"4186","Naive CD4+ T"
"4187","Effector CD4+ T"
"4188","Monocytes"
"4189","Effector CD4+ T"
"4190","Naive CD4+ T"
"4191","B"
"4192","Naive CD4+ T"
"4193","Monocytes"
"4194","Naive CD8+ T"
"4195","Effector CD8+ T"
"4196","Monocytes"
"4197","NK"
"4198","Naive CD4+ T"
"4199","Naive CD8+ T"
"4200","Naive CD4+ T"
"4201","Monocytes"
"4202","NK"
"4203","Effector CD8+ T"
"4204","Naive CD4+ T"
"4205","Naive CD8+ T"
"4206","Monocytes"
"4207","Effector CD4+ T"
"4208","DC"
"4209","Monocytes"
"4210","Effector CD4+ T"
"4211","Naive CD4+ T"
"4212","Naive CD8+ T"
"4213","Naive CD8+ T"
"4214","Naive CD4+ T"
"4215","Naive CD4+ T"
"4216","Effector CD4+ T"
"4217","Monocytes"
"4218","Monocytes"
"4219","NK"
"4220","Naive CD8+ T"
"4221","B"
"4222","Effector CD4+ T"
"4223","B"
"4224","DC"
"4225","Effector CD4+ T"
"4226","Effector CD4+ T"
"4227","Effector CD8+ T"
"4228","Monocytes"
"4229","Naive CD4+ T"
"4230","Naive CD8+ T"
"4231","DC"
"4232","NK"
"4233","Effector CD4+ T"
"4234","Naive CD4+ T"
"4235","Naive CD4+ T"
"4236","Effector CD4+ T"
"4237","B"
"4238","Monocytes"
"4239","Effector CD4+ T"
"4240","Effector CD4+ T"
"4241","Monocytes"
"4242","Effector CD8+ T"
"4243","DC"
"4244","unknown"
"4245","Monocytes"
"4246","Monocytes"
"4247","Naive CD4+ T"
"4248","Naive CD8+ T"
"4249","Effector CD8+ T"
"4250","Naive CD8+ T"
"4251","Monocytes"
"4252","Naive CD4+ T"
"4253","Monocytes"
"4254","NK"
"4255","NK"
"4256","Effector CD4+ T"
"4257","NK"
"4258","Naive CD4+ T"
"4259","Effector CD4+ T"
"4260","Naive CD4+ T"
"4261","Naive CD4+ T"
"4262","Naive CD4+ T"
"4263","Naive CD4+ T"
"4264","unknown"
"4265","Naive CD4+ T"
"4266","Monocytes"
"4267","NK"
"4268","Naive CD4+ T"
"4269","Naive CD4+ T"
"4270","B"
"4271","NK"
"4272","NK"
"4273","Naive CD8+ T"
"4274","Monocytes"
"4275","Naive CD4+ T"
"4276","NK"
"4277","Monocytes"
"4278","Effector CD4+ T"
"4279","NK"
"4280","NK"
"4281","Effector CD4+ T"
"4282","Effector CD4+ T"
"4283","Effector CD4+ T"
"4284","Naive CD4+ T"
"4285","Naive CD4+ T"
"4286","Effector CD4+ T"
"4287","Effector CD4+ T"
"4288","Naive CD4+ T"
"4289","B"
"4290","B"
"4291","Effector CD4+ T"
"4292","NK"
"4293","unknown"
"4294","Naive CD8+ T"
"4295","Naive CD4+ T"
"4296","Monocytes"
"4297","Naive CD4+ T"
"4298","DC"
"4299","Effector CD4+ T"
"4300","Naive CD4+ T"
"4301","Naive CD4+ T"
"4302","Naive CD8+ T"
"4303","DC"
"4304","Naive CD8+ T"
"4305","Effector CD4+ T"
"4306","DC"
"4307","Naive CD8+ T"
"4308","Naive CD8+ T"
"4309","Effector CD4+ T"
"4310","Effector CD4+ T"
"4311","Naive CD4+ T"
"4312","Naive CD4+ T"
"4313","Effector CD4+ T"
"4314","Monocytes"
"4315","Monocytes"
"4316","NK"
"4317","Effector CD4+ T"
"4318","Monocytes"
"4319","Naive CD4+ T"
"4320","Effector CD8+ T"
"4321","Effector CD4+ T"
"4322","DC"
"4323","Effector CD8+ T"
"4324","Monocytes"
"4325","B"
"4326","Effector CD4+ T"
"4327","Naive CD4+ T"
"4328","Effector CD4+ T"
"4329","Effector CD8+ T"
"4330","DC"
"4331","Naive CD8+ T"
"4332","B"
"4333","Naive CD4+ T"
"4334","Naive CD4+ T"
"4335","Monocytes"
"4336","Effector CD4+ T"
"4337","Naive CD4+ T"
"4338","Naive CD8+ T"
"4339","Naive CD4+ T"
"4340","NK"
"4341","Effector CD4+ T"
"4342","Effector CD8+ T"
"4343","Naive CD4+ T"
"4344","Effector CD4+ T"
"4345","Naive CD4+ T"
"4346","Effector CD4+ T"
"4347","B"
"4348","DC"
"4349","Effector CD4+ T"
"4350","Naive CD4+ T"
"4351","Effector CD8+ T"
"4352","Naive CD4+ T"
"4353","Naive CD4+ T"
"4354","Effector CD4+ T"
"4355","NK"
"4356","Monocytes"
"4357","Naive CD4+ T"
"4358","Naive CD4+ T"
"4359","Naive CD8+ T"
"4360","Naive CD4+ T"
"4361","Naive CD4+ T"
"4362","DC"
"4363","Monocytes"
"4364","Effector CD4+ T"
"4365","Effector CD4+ T"
"4366","Naive CD8+ T"
"4367","Effector CD4+ T"
"4368","Effector CD8+ T"
"4369","Naive CD4+ T"
"4370","Effector CD8+ T"
"4371","Monocytes"
"4372","Effector CD4+ T"
"4373","DC"
"4374","Naive CD8+ T"
"4375","Monocytes"
"4376","Naive CD4+ T"
"4377","Effector CD4+ T"
"4378","B"
"4379","DC"
"4380","Naive CD4+ T"
"4381","Naive CD4+ T"
"4382","NK"
"4383","Naive CD8+ T"
"4384","DC"
"4385","Naive CD4+ T"
"4386","Naive CD4+ T"
"4387","Monocytes"
"4388","Naive CD4+ T"
"4389","DC"
"4390","Naive CD8+ T"
"4391","Naive CD4+ T"
"4392","Effector CD4+ T"
"4393","Naive CD4+ T"
"4394","Naive CD4+ T"
"4395","NK"
"4396","B"
"4397","Naive CD4+ T"
"4398","DC"
"4399","Effector CD4+ T"
"4400","Effector CD4+ T"
"4401","Naive CD4+ T"
"4402","Naive CD4+ T"
"4403","Effector CD4+ T"
"4404","Naive CD4+ T"
"4405","Naive CD8+ T"
"4406","Effector CD4+ T"
"4407","Monocytes"
"4408","Naive CD8+ T"
"4409","unknown"
"4410","DC"
"4411","Monocytes"
"4412","DC"
"4413","DC"
"4414","Naive CD4+ T"
"4415","Naive CD8+ T"
"4416","Naive CD8+ T"
"4417","DC"
"4418","NK"
"4419","Naive CD8+ T"
"4420","DC"
"4421","Monocytes"
"4422","Monocytes"
"4423","Naive CD4+ T"
"4424","Effector CD4+ T"
"4425","DC"
"4426","Monocytes"
"4427","DC"
"4428","Naive CD4+ T"
"4429","Naive CD4+ T"
"4430","Naive CD4+ T"
"4431","DC"
"4432","DC"
"4433","Naive CD4+ T"
"4434","Monocytes"
"4435","Monocytes"
"4436","DC"
"4437","Monocytes"
"4438","Naive CD4+ T"
"4439","Naive CD4+ T"
"4440","Naive CD4+ T"
"4441","B"
"4442","Monocytes"
"4443","Naive CD4+ T"
"4444","DC"
"4445","Monocytes"
"4446","Naive CD4+ T"
"4447","Naive CD8+ T"
"4448","Naive CD4+ T"
"4449","NK"
"4450","DC"
"4451","Naive CD8+ T"
"4452","Effector CD4+ T"
"4453","DC"
"4454","Effector CD4+ T"
"4455","Naive CD4+ T"
"4456","Effector CD4+ T"
"4457","DC"
"4458","Monocytes"
"4459","Effector CD4+ T"
"4460","DC"
"4461","Naive CD4+ T"
"4462","DC"
"4463","Naive CD8+ T"
"4464","Naive CD4+ T"
"4465","Naive CD8+ T"
"4466","DC"
"4467","B"
"4468","DC"
"4469","Effector CD8+ T"
"4470","Naive CD4+ T"
"4471","Monocytes"
"4472","Naive CD4+ T"
"4473","B"
"4474","Naive CD4+ T"
"4475","DC"
"4476","Effector CD8+ T"
"4477","Naive CD4+ T"
"4478","Naive CD4+ T"
"4479","DC"
"4480","Naive CD4+ T"
"4481","DC"
"4482","DC"
"4483","Effector CD4+ T"
"4484","Naive CD4+ T"
"4485","B"
"4486","Naive CD4+ T"
"4487","Naive CD4+ T"
"4488","Effector CD4+ T"
"4489","Effector CD4+ T"
"4490","Naive CD8+ T"
"4491","DC"
"4492","Naive CD8+ T"
"4493","Monocytes"
"4494","Effector CD8+ T"
"4495","DC"
"4496","Effector CD4+ T"
"4497","DC"
"4498","DC"
"4499","DC"
"4500","Naive CD4+ T"
"4501","DC"
"4502","DC"
