"","x"
"1","ADT_CD80"
"2","ADT_CD86"
"3","ADT_CD274"
"4","ADT_CD273"
"5","ADT_CD275-1"
"6","ADT_CD11b-1"
"7","ADT_Galectin-9"
"8","ADT_CD270"
"9","ADT_CD252"
"10","ADT_CD155(PVR)"
"11","ADT_CD112(Nectin-2)"
"12","ADT_CD47"
"13","ADT_CD70"
"14","ADT_CD30"
"15","ADT_CD48"
"16","ADT_CD40"
"17","ADT_CD154"
"18","ADT_CD52"
"19","ADT_CD3-1"
"20","ADT_CD4-1"
"21","ADT_CD8"
"22","ADT_CD56(NCAM)"
"23","ADT_CD45-1"
"24","ADT_CD3-2"
"25","ADT_CD19"
"26","ADT_CD11c"
"27","ADT_CD34"
"28","ADT_CD138-1(Syndecan-1)"
"29","ADT_CD269(BCMA)"
"30","ADT_CD90(Thy1)"
"31","ADT_CD117(c-kit)"
"32","ADT_CD45RA"
"33","ADT_CD123"
"34","ADT_CD105"
"35","ADT_CD201"
"36","ADT_CD194"
"37","ADT_CD4-2"
"38","ADT_CD44-1"
"39","ADT_CD8a"
"40","ADT_CD14"
"41","ADT_CD16"
"42","ADT_CD56(NCAM)Recombinant"
"43","ADT_CD25"
"44","ADT_CD45RO"
"45","ADT_CD279"
"46","ADT_TIGIT"
"47","ADT_Rat_IgG2b_IsotypeCtrl"
"48","ADT_CD20"
"49","ADT_CD335"
"50","ADT_CD294"
"51","ADT_CD31"
"52","ADT_CD44-2"
"53","ADT_CD133-1"
"54","ADT_Podoplanin"
"55","ADT_CD140a"
"56","ADT_CD140b"
"57","ADT_Cadherin11"
"58","ADT_CD340"
"59","ADT_CD146"
"60","ADT_CD324"
"61","ADT_IgM"
"62","ADT_TCRgd"
"63","ADT_CD195"
"64","ADT_CD196"
"65","ADT_CD185"
"66","ADT_CD103"
"67","ADT_CD69"
"68","ADT_CD161"
"69","ADT_CD152"
"70","ADT_CD223"
"71","ADT_CD27"
"72","ADT_CD107a"
"73","ADT_CD95"
"74","ADT_CD134"
"75","ADT_HLA-DR"
"76","ADT_CD1c"
"77","ADT_CD11b-2"
"78","ADT_CD64"
"79","ADT_CD141"
"80","ADT_CD1d"
"81","ADT_CD314"
"82","ADT_CD66b"
"83","ADT_CD35"
"84","ADT_CD57_Recombinant"
"85","ADT_CD366"
"86","ADT_CD272"
"87","ADT_CD278"
"88","ADT_CD275-2"
"89","ADT_CD96"
"90","ADT_CD39"
"91","ADT_CD178"
"92","ADT_CX3CR1"
"93","ADT_CD24"
"94","ADT_CD21"
"95","ADT_CD79b"
"96","ADT_CD66a/c/e"
"97","ADT_CD244"
"98","ADT_CD235ab"
"99","ADT_Siglec-8"
"100","ADT_CD206"
"101","ADT_CD169"
"102","ADT_CD370"
"103","ADT_XCR1"
"104","ADT_Notch1"
"105","ADT_integrin_7"
"106","ADT_CD268"
"107","ADT_CD42b"
"108","ADT_CD54"
"109","ADT_CD62P"
"110","ADT_CD119"
"111","ADT_TCRab"
"112","ADT_Notch3"
"113","ADT_CD68"
"114","ADT_Rat_IgG1k_isotypeCtrl"
"115","ADT_Rat_IgG1l_IsotypeCtrl"
"116","ADT_Rat_IgG2c_IsotypeCtrl"
"117","ADT_CD192"
"118","ADT_CD102"
"119","ADT_CD106"
"120","ADT_CD122"
"121","ADT_CD267"
"122","ADT_CD62E"
"123","ADT_CD135"
"124","ADT_CD41"
"125","ADT_CD137"
"126","ADT_CD43"
"127","ADT_CD163"
"128","ADT_CD83"
"129","ADT_CD357"
"130","ADT_CD59"
"131","ADT_CD309"
"132","ADT_CD124"
"133","ADT_CD13"
"134","ADT_CD184"
"135","ADT_CD2"
"136","ADT_CD29"
"137","ADT_CD303"
"138","ADT_CD49b"
"139","ADT_CD61"
"140","ADT_CD81"
"141","ADT_CD98"
"142","ADT_CD177"
"143","ADT_CD55"
"144","ADT_IgD"
"145","ADT_CD18"
"146","ADT_CD28"
"147","ADT_TSLPR"
"148","ADT_CD38-1"
"149","ADT_CD127"
"150","ADT_CD45-2"
"151","ADT_CD15"
"152","ADT_CD22"
"153","ADT_CD71"
"154","ADT_B7-H4"
"155","ADT_CD26"
"156","ADT_CD193"
"157","ADT_CD115"
"158","ADT_CD204"
"159","ADT_CD144"
"160","ADT_CD301"
"161","ADT_CD1a"
"162","ADT_CD207"
"163","ADT_CD63"
"164","ADT_CD284"
"165","ADT_CD304"
"166","ADT_CD36"
"167","ADT_CD172a"
"168","ADT_CD85g"
"169","ADT_CD38-2"
"170","ADT_CD243"
"171","ADT_CD72"
"172","ADT_CD158"
"173","ADT_MERTK"
"174","ADT_Folate_Receptor"
"175","ADT_TIM-4"
"176","ADT_CD171"
"177","ADT_CD325"
"178","ADT_CD93"
"179","ADT_CD200"
"180","ADT_CD338"
"181","ADT_C5L2"
"182","ADT_CD235a"
"183","ADT_CD49a"
"184","ADT_CD49d"
"185","ADT_CD73"
"186","ADT_CD79a"
"187","ADT_CD9"
"188","ADT_TCR_V_7.2"
"189","ADT_TCR_V_2"
"190","ADT_TCR_V_9"
"191","ADT_TCR_V_24-J_18"
"192","ADT_CD354"
"193","ADT_CD202b"
"194","ADT_CD305"
"195","ADT_LOX-1"
"196","ADT_CD158b"
"197","ADT_CD203c"
"198","ADT_CD133-2"
"199","ADT_CD209"
"200","ADT_CD110"
"201","ADT_CD158e1"
"202","ADT_CD158f"
"203","ADT_CD337"
"204","ADT_CD253"
"205","ADT_CD186"
"206","ADT_CD226"
"207","ADT_CD205"
"208","ADT_CCR10"
"209","ADT_CD271"
"210","ADT_CD109"
"211","ADT_CD11a/CD18"
"212","ADT_CD126"
"213","ADT_GP130"
"214","ADT_CD164"
"215","ADT_CD142"
"216","ADT_CD307c/FcRL3"
"217","ADT_CD307d"
"218","ADT_CD307e"
"219","ADT_CD319"
"220","ADT_CD138-2"
"221","ADT_CD199"
"222","ADT_CD45RB"
"223","ADT_CD99"
"224","ADT_CLEC12A"
"225","ADT_CD46"
"226","ADT_VEGFR3"
"227","ADT_CLEC1B"
