"","x"
"1","NK"
"2","Naive CD4+ T"
"3","Effector CD4+ T"
"4","Naive CD4+ T"
"5","Naive CD4+ T"
"6","B"
"7","Effector CD8+ T"
"8","Naive CD4+ T"
"9","Effector CD4+ T"
"10","Naive CD4+ T"
"11","NK"
"12","NK"
"13","Naive CD8+ T"
"14","Effector CD4+ T"
"15","Naive CD4+ T"
"16","NK"
"17","Effector CD4+ T"
"18","Naive CD8+ T"
"19","NK"
"20","Naive CD4+ T"
"21","Effector CD4+ T"
"22","Effector CD4+ T"
"23","Monocytes"
"24","Naive CD4+ T"
"25","Naive CD8+ T"
"26","Effector CD4+ T"
"27","Naive CD8+ T"
"28","Naive CD4+ T"
"29","Effector CD8+ T"
"30","Naive CD4+ T"
"31","Effector CD4+ T"
"32","Naive CD4+ T"
"33","Naive CD4+ T"
"34","Monocytes"
"35","Monocytes"
"36","Monocytes"
"37","Effector CD4+ T"
"38","Naive CD4+ T"
"39","NK"
"40","Naive CD4+ T"
"41","Monocytes"
"42","Naive CD8+ T"
"43","Effector CD4+ T"
"44","NK"
"45","Effector CD4+ T"
"46","Effector CD4+ T"
"47","Naive CD8+ T"
"48","Effector CD4+ T"
"49","Naive CD4+ T"
"50","Naive CD4+ T"
"51","Effector CD4+ T"
"52","Effector CD4+ T"
"53","Effector CD4+ T"
"54","Effector CD4+ T"
"55","Naive CD4+ T"
"56","Naive CD4+ T"
"57","Effector CD4+ T"
"58","Effector CD4+ T"
"59","Effector CD4+ T"
"60","Effector CD4+ T"
"61","Effector CD4+ T"
"62","NK"
"63","Naive CD4+ T"
"64","Effector CD4+ T"
"65","Effector CD8+ T"
"66","Effector CD4+ T"
"67","Effector CD4+ T"
"68","Naive CD4+ T"
"69","Naive CD4+ T"
"70","NK"
"71","Effector CD4+ T"
"72","Naive CD4+ T"
"73","Effector CD8+ T"
"74","Naive CD4+ T"
"75","Effector CD4+ T"
"76","Monocytes"
"77","Naive CD4+ T"
"78","B"
"79","Monocytes"
"80","Naive CD4+ T"
"81","Naive CD8+ T"
"82","Effector CD4+ T"
"83","Naive CD4+ T"
"84","Effector CD4+ T"
"85","Naive CD4+ T"
"86","NK"
"87","Naive CD4+ T"
"88","NK"
"89","B"
"90","NK"
"91","Effector CD4+ T"
"92","Effector CD4+ T"
"93","Effector CD4+ T"
"94","Effector CD4+ T"
"95","Effector CD4+ T"
"96","NK"
"97","Effector CD4+ T"
"98","Naive CD4+ T"
"99","Effector CD8+ T"
"100","Effector CD4+ T"
"101","Naive CD8+ T"
"102","NK"
"103","Naive CD4+ T"
"104","Naive CD4+ T"
"105","Monocytes"
"106","Naive CD4+ T"
"107","NK"
"108","Naive CD4+ T"
"109","Naive CD4+ T"
"110","Naive CD8+ T"
"111","B"
"112","Naive CD4+ T"
"113","Naive CD4+ T"
"114","Effector CD8+ T"
"115","B"
"116","Effector CD4+ T"
"117","Effector CD4+ T"
"118","B"
"119","Naive CD4+ T"
"120","NK"
"121","Naive CD4+ T"
"122","Naive CD8+ T"
"123","Effector CD4+ T"
"124","Effector CD4+ T"
"125","B"
"126","Effector CD4+ T"
"127","NK"
"128","NK"
"129","Naive CD4+ T"
"130","Naive CD4+ T"
"131","Effector CD4+ T"
"132","Effector CD8+ T"
"133","Naive CD4+ T"
"134","Naive CD4+ T"
"135","Effector CD8+ T"
"136","Naive CD8+ T"
"137","Naive CD4+ T"
"138","Naive CD4+ T"
"139","Effector CD4+ T"
"140","Effector CD4+ T"
"141","Effector CD8+ T"
"142","Naive CD4+ T"
"143","Effector CD4+ T"
"144","Effector CD4+ T"
"145","Effector CD4+ T"
"146","Naive CD4+ T"
"147","Naive CD4+ T"
"148","Naive CD4+ T"
"149","NK"
"150","Naive CD4+ T"
"151","Monocytes"
"152","Effector CD4+ T"
"153","Naive CD4+ T"
"154","Effector CD8+ T"
"155","Naive CD4+ T"
"156","Effector CD4+ T"
"157","Naive CD4+ T"
"158","Naive CD8+ T"
"159","Naive CD4+ T"
"160","Naive CD8+ T"
"161","Effector CD4+ T"
"162","Naive CD8+ T"
"163","Naive CD4+ T"
"164","Naive CD8+ T"
"165","NK"
"166","Effector CD4+ T"
"167","Effector CD4+ T"
"168","Naive CD4+ T"
"169","Naive CD4+ T"
"170","Effector CD4+ T"
"171","Effector CD4+ T"
"172","NK"
"173","Effector CD4+ T"
"174","Naive CD4+ T"
"175","B"
"176","Effector CD8+ T"
"177","Naive CD8+ T"
"178","Naive CD4+ T"
"179","Naive CD8+ T"
"180","Effector CD4+ T"
"181","Effector CD4+ T"
"182","Naive CD4+ T"
"183","B"
"184","Naive CD4+ T"
"185","Naive CD4+ T"
"186","Naive CD4+ T"
"187","Effector CD8+ T"
"188","Naive CD4+ T"
"189","B"
"190","Naive CD8+ T"
"191","Naive CD8+ T"
"192","Naive CD4+ T"
"193","Effector CD4+ T"
"194","Effector CD4+ T"
"195","Effector CD4+ T"
"196","NK"
"197","B"
"198","Naive CD8+ T"
"199","Naive CD8+ T"
"200","Naive CD8+ T"
"201","Effector CD4+ T"
"202","Effector CD4+ T"
"203","B"
"204","Effector CD4+ T"
"205","Effector CD8+ T"
"206","Effector CD4+ T"
"207","Effector CD4+ T"
"208","NK"
"209","Naive CD8+ T"
"210","Effector CD8+ T"
"211","Naive CD8+ T"
"212","NK"
"213","B"
"214","Naive CD4+ T"
"215","Naive CD4+ T"
"216","Naive CD4+ T"
"217","NK"
"218","B"
"219","Effector CD4+ T"
"220","Effector CD8+ T"
"221","Effector CD8+ T"
"222","Effector CD4+ T"
"223","Naive CD8+ T"
"224","Naive CD4+ T"
"225","NK"
"226","Effector CD8+ T"
"227","Naive CD4+ T"
"228","Naive CD8+ T"
"229","Naive CD8+ T"
"230","B"
"231","Effector CD8+ T"
"232","Naive CD4+ T"
"233","Naive CD4+ T"
"234","Effector CD4+ T"
"235","Effector CD4+ T"
"236","Effector CD8+ T"
"237","Effector CD8+ T"
"238","Naive CD8+ T"
"239","Effector CD4+ T"
"240","Effector CD4+ T"
"241","Naive CD4+ T"
"242","Effector CD8+ T"
"243","Effector CD4+ T"
"244","Effector CD4+ T"
"245","Naive CD4+ T"
"246","Naive CD4+ T"
"247","Effector CD8+ T"
"248","Naive CD4+ T"
"249","Effector CD8+ T"
"250","Effector CD4+ T"
"251","NK"
"252","Monocytes"
"253","Effector CD8+ T"
"254","Naive CD4+ T"
"255","Effector CD4+ T"
"256","Effector CD4+ T"
"257","Effector CD4+ T"
"258","Naive CD4+ T"
"259","Naive CD8+ T"
"260","NK"
"261","Naive CD4+ T"
"262","Naive CD4+ T"
"263","B"
"264","NK"
"265","Naive CD4+ T"
"266","Naive CD4+ T"
"267","Naive CD8+ T"
"268","Naive CD8+ T"
"269","B"
"270","B"
"271","Effector CD4+ T"
"272","Naive CD8+ T"
"273","NK"
"274","Naive CD4+ T"
"275","Effector CD4+ T"
"276","NK"
"277","Effector CD4+ T"
"278","B"
"279","Naive CD4+ T"
"280","Naive CD4+ T"
"281","Naive CD8+ T"
"282","Naive CD4+ T"
"283","Effector CD4+ T"
"284","Naive CD4+ T"
"285","Effector CD4+ T"
"286","NK"
"287","NK"
"288","Effector CD4+ T"
"289","Effector CD4+ T"
"290","Effector CD8+ T"
"291","Naive CD4+ T"
"292","NK"
"293","NK"
"294","Naive CD8+ T"
"295","Effector CD4+ T"
"296","NK"
"297","Naive CD4+ T"
"298","Effector CD8+ T"
"299","Effector CD4+ T"
"300","NK"
"301","Naive CD8+ T"
"302","NK"
"303","Naive CD4+ T"
"304","Monocytes"
"305","Effector CD4+ T"
"306","Effector CD8+ T"
"307","Naive CD4+ T"
"308","Naive CD8+ T"
"309","Effector CD4+ T"
"310","Naive CD4+ T"
"311","Effector CD4+ T"
"312","Naive CD4+ T"
"313","Naive CD4+ T"
"314","Naive CD4+ T"
"315","Effector CD8+ T"
"316","NK"
"317","Naive CD8+ T"
"318","Effector CD8+ T"
"319","Monocytes"
"320","Naive CD8+ T"
"321","Naive CD4+ T"
"322","Effector CD4+ T"
"323","Naive CD4+ T"
"324","Naive CD8+ T"
"325","Monocytes"
"326","Naive CD4+ T"
"327","Naive CD4+ T"
"328","Naive CD8+ T"
"329","Naive CD8+ T"
"330","Naive CD4+ T"
"331","Naive CD4+ T"
"332","Naive CD4+ T"
"333","Naive CD8+ T"
"334","Naive CD4+ T"
"335","Effector CD4+ T"
"336","Naive CD4+ T"
"337","Effector CD8+ T"
"338","B"
"339","Effector CD8+ T"
"340","Effector CD4+ T"
"341","Effector CD8+ T"
"342","Effector CD4+ T"
"343","NK"
"344","Naive CD8+ T"
"345","B"
"346","NK"
"347","Naive CD8+ T"
"348","NK"
"349","Naive CD4+ T"
"350","NK"
"351","Effector CD4+ T"
"352","Naive CD4+ T"
"353","Monocytes"
"354","NK"
"355","Effector CD4+ T"
"356","NK"
"357","Naive CD4+ T"
"358","Naive CD8+ T"
"359","Naive CD4+ T"
"360","Naive CD4+ T"
"361","B"
"362","Naive CD8+ T"
"363","Naive CD4+ T"
"364","Naive CD4+ T"
"365","Naive CD4+ T"
"366","Naive CD8+ T"
"367","Naive CD4+ T"
"368","B"
"369","Naive CD8+ T"
"370","Naive CD8+ T"
"371","Effector CD4+ T"
"372","Effector CD4+ T"
"373","Naive CD8+ T"
"374","NK"
"375","Naive CD8+ T"
"376","Monocytes"
"377","Monocytes"
"378","Naive CD8+ T"
"379","Naive CD4+ T"
"380","NK"
"381","Naive CD8+ T"
"382","Naive CD4+ T"
"383","B"
"384","Naive CD4+ T"
"385","Naive CD8+ T"
"386","Naive CD4+ T"
"387","NK"
"388","Naive CD4+ T"
"389","Naive CD8+ T"
"390","Effector CD4+ T"
"391","Naive CD4+ T"
"392","Naive CD8+ T"
"393","B"
"394","Effector CD4+ T"
"395","Effector CD4+ T"
"396","B"
"397","Naive CD8+ T"
"398","Effector CD4+ T"
"399","Effector CD8+ T"
"400","Naive CD4+ T"
"401","Naive CD4+ T"
"402","Effector CD4+ T"
"403","Naive CD8+ T"
"404","Effector CD8+ T"
"405","NK"
"406","Naive CD4+ T"
"407","Effector CD4+ T"
"408","B"
"409","Effector CD4+ T"
"410","NK"
"411","NK"
"412","Naive CD8+ T"
"413","Naive CD8+ T"
"414","Naive CD4+ T"
"415","Effector CD8+ T"
"416","Naive CD8+ T"
"417","NK"
"418","Naive CD4+ T"
"419","Naive CD4+ T"
"420","Effector CD4+ T"
"421","Effector CD4+ T"
"422","Naive CD4+ T"
"423","Naive CD4+ T"
"424","Naive CD8+ T"
"425","B"
"426","Effector CD4+ T"
"427","Effector CD8+ T"
"428","Effector CD8+ T"
"429","B"
"430","Naive CD8+ T"
"431","Effector CD4+ T"
"432","Monocytes"
"433","Naive CD4+ T"
"434","Naive CD4+ T"
"435","Naive CD4+ T"
"436","Naive CD4+ T"
"437","Naive CD4+ T"
"438","Naive CD4+ T"
"439","NK"
"440","Effector CD4+ T"
"441","Naive CD8+ T"
"442","Naive CD4+ T"
"443","Effector CD4+ T"
"444","NK"
"445","Monocytes"
"446","Monocytes"
"447","Naive CD8+ T"
"448","Naive CD4+ T"
"449","Naive CD4+ T"
"450","Effector CD4+ T"
"451","Naive CD8+ T"
"452","Effector CD4+ T"
"453","Naive CD4+ T"
"454","Naive CD4+ T"
"455","Effector CD8+ T"
"456","Effector CD4+ T"
"457","NK"
"458","Effector CD4+ T"
"459","Naive CD4+ T"
"460","NK"
"461","Naive CD8+ T"
"462","Effector CD8+ T"
"463","Naive CD4+ T"
"464","Naive CD4+ T"
"465","NK"
"466","Effector CD8+ T"
"467","Effector CD8+ T"
"468","Effector CD4+ T"
"469","Naive CD8+ T"
"470","Monocytes"
"471","Effector CD4+ T"
"472","Effector CD4+ T"
"473","Effector CD4+ T"
"474","Naive CD4+ T"
"475","Effector CD8+ T"
"476","Naive CD4+ T"
"477","Naive CD4+ T"
"478","Effector CD8+ T"
"479","Naive CD4+ T"
"480","NK"
"481","Naive CD4+ T"
"482","Naive CD4+ T"
"483","Effector CD4+ T"
"484","B"
"485","Naive CD8+ T"
"486","Naive CD8+ T"
"487","Effector CD8+ T"
"488","NK"
"489","Effector CD4+ T"
"490","Naive CD4+ T"
"491","Effector CD4+ T"
"492","Naive CD4+ T"
"493","Naive CD8+ T"
"494","NK"
"495","Naive CD4+ T"
"496","Naive CD8+ T"
"497","Effector CD4+ T"
"498","Monocytes"
"499","Naive CD4+ T"
"500","Naive CD8+ T"
"501","Effector CD8+ T"
"502","Effector CD4+ T"
"503","Effector CD4+ T"
"504","Effector CD4+ T"
"505","B"
"506","Naive CD4+ T"
"507","Effector CD4+ T"
"508","Naive CD4+ T"
"509","Naive CD4+ T"
"510","Effector CD4+ T"
"511","Naive CD4+ T"
"512","B"
"513","Naive CD4+ T"
"514","Naive CD8+ T"
"515","Naive CD4+ T"
"516","Effector CD4+ T"
"517","Effector CD4+ T"
"518","NK"
"519","Effector CD4+ T"
"520","NK"
"521","Naive CD4+ T"
"522","NK"
"523","Naive CD4+ T"
"524","Naive CD4+ T"
"525","Effector CD4+ T"
"526","Effector CD4+ T"
"527","NK"
"528","Naive CD4+ T"
"529","Naive CD8+ T"
"530","B"
"531","NK"
"532","Effector CD8+ T"
"533","NK"
"534","Effector CD4+ T"
"535","Naive CD4+ T"
"536","Monocytes"
"537","Monocytes"
"538","Naive CD4+ T"
"539","Effector CD4+ T"
"540","Effector CD4+ T"
"541","Effector CD4+ T"
"542","B"
"543","Naive CD8+ T"
"544","Naive CD8+ T"
"545","Naive CD4+ T"
"546","Effector CD4+ T"
"547","Effector CD8+ T"
"548","Effector CD8+ T"
"549","Effector CD4+ T"
"550","Naive CD8+ T"
"551","Naive CD4+ T"
"552","Naive CD4+ T"
"553","Effector CD8+ T"
"554","Effector CD8+ T"
"555","Naive CD8+ T"
"556","Effector CD4+ T"
"557","Naive CD4+ T"
"558","Naive CD4+ T"
"559","NK"
"560","Naive CD8+ T"
"561","Effector CD4+ T"
"562","Naive CD4+ T"
"563","Effector CD4+ T"
"564","Naive CD4+ T"
"565","Effector CD4+ T"
"566","Naive CD4+ T"
"567","Naive CD8+ T"
"568","Naive CD8+ T"
"569","Effector CD4+ T"
"570","Naive CD4+ T"
"571","Effector CD4+ T"
"572","NK"
"573","Effector CD4+ T"
"574","Effector CD8+ T"
"575","Naive CD8+ T"
"576","Naive CD8+ T"
"577","NK"
"578","Effector CD4+ T"
"579","Naive CD8+ T"
"580","Naive CD8+ T"
"581","Naive CD8+ T"
"582","Effector CD8+ T"
"583","Naive CD4+ T"
"584","Naive CD4+ T"
"585","Naive CD4+ T"
"586","Effector CD4+ T"
"587","Effector CD4+ T"
"588","NK"
"589","Naive CD4+ T"
"590","Effector CD8+ T"
"591","Monocytes"
"592","Effector CD8+ T"
"593","Naive CD4+ T"
"594","Naive CD4+ T"
"595","NK"
"596","Effector CD8+ T"
"597","Naive CD4+ T"
"598","NK"
"599","Effector CD4+ T"
"600","Naive CD4+ T"
"601","Naive CD8+ T"
"602","Effector CD4+ T"
"603","Effector CD8+ T"
"604","Naive CD8+ T"
"605","Effector CD8+ T"
"606","NK"
"607","Effector CD4+ T"
"608","Effector CD4+ T"
"609","Naive CD4+ T"
"610","Naive CD4+ T"
"611","Effector CD4+ T"
"612","NK"
"613","Naive CD8+ T"
"614","Effector CD4+ T"
"615","Effector CD8+ T"
"616","NK"
"617","Effector CD4+ T"
"618","NK"
"619","Effector CD4+ T"
"620","NK"
"621","Naive CD4+ T"
"622","NK"
"623","Effector CD4+ T"
"624","Naive CD4+ T"
"625","Naive CD4+ T"
"626","Naive CD4+ T"
"627","Naive CD4+ T"
"628","NK"
"629","Effector CD8+ T"
"630","NK"
"631","Effector CD4+ T"
"632","Effector CD4+ T"
"633","NK"
"634","NK"
"635","Naive CD8+ T"
"636","Naive CD8+ T"
"637","Naive CD8+ T"
"638","Naive CD8+ T"
"639","Effector CD4+ T"
"640","Naive CD8+ T"
"641","Naive CD4+ T"
"642","NK"
"643","Naive CD8+ T"
"644","NK"
"645","Naive CD4+ T"
"646","Naive CD8+ T"
"647","NK"
"648","Effector CD8+ T"
"649","Effector CD8+ T"
"650","Effector CD4+ T"
"651","Naive CD4+ T"
"652","Effector CD4+ T"
"653","Naive CD4+ T"
"654","Naive CD8+ T"
"655","Naive CD8+ T"
"656","Effector CD8+ T"
"657","Effector CD4+ T"
"658","NK"
"659","Effector CD4+ T"
"660","B"
"661","Effector CD8+ T"
"662","Monocytes"
"663","Naive CD4+ T"
"664","Effector CD4+ T"
"665","Naive CD4+ T"
"666","Naive CD8+ T"
"667","NK"
"668","B"
"669","Naive CD4+ T"
"670","Effector CD8+ T"
"671","Naive CD4+ T"
"672","Naive CD4+ T"
"673","Naive CD8+ T"
"674","Effector CD8+ T"
"675","Naive CD8+ T"
"676","NK"
"677","Naive CD4+ T"
"678","Effector CD4+ T"
"679","Naive CD8+ T"
"680","B"
"681","NK"
"682","Effector CD8+ T"
"683","Naive CD8+ T"
"684","Naive CD8+ T"
"685","Effector CD4+ T"
"686","Naive CD8+ T"
"687","Naive CD4+ T"
"688","Effector CD4+ T"
"689","Monocytes"
"690","B"
"691","Naive CD4+ T"
"692","Effector CD4+ T"
"693","Naive CD4+ T"
"694","Effector CD4+ T"
"695","Naive CD4+ T"
"696","Naive CD8+ T"
"697","Naive CD4+ T"
"698","Naive CD8+ T"
"699","NK"
"700","Naive CD4+ T"
"701","Effector CD4+ T"
"702","Naive CD4+ T"
"703","Naive CD4+ T"
"704","Effector CD4+ T"
"705","Naive CD4+ T"
"706","Effector CD4+ T"
"707","Effector CD4+ T"
"708","Monocytes"
"709","Monocytes"
"710","Naive CD4+ T"
"711","B"
"712","Effector CD4+ T"
"713","NK"
"714","Naive CD4+ T"
"715","Effector CD8+ T"
"716","NK"
"717","Naive CD4+ T"
"718","Effector CD4+ T"
"719","NK"
"720","NK"
"721","Naive CD8+ T"
"722","Naive CD4+ T"
"723","NK"
"724","NK"
"725","NK"
"726","Naive CD4+ T"
"727","Naive CD4+ T"
"728","Naive CD4+ T"
"729","Effector CD4+ T"
"730","Effector CD4+ T"
"731","Naive CD8+ T"
"732","Naive CD8+ T"
"733","Effector CD8+ T"
"734","Effector CD4+ T"
"735","Naive CD8+ T"
"736","Effector CD4+ T"
"737","Naive CD4+ T"
"738","Effector CD8+ T"
"739","Naive CD4+ T"
"740","Monocytes"
"741","Naive CD8+ T"
"742","B"
"743","Effector CD8+ T"
"744","Naive CD8+ T"
"745","Monocytes"
"746","Effector CD4+ T"
"747","Effector CD8+ T"
"748","Naive CD4+ T"
"749","Effector CD4+ T"
"750","NK"
"751","Naive CD4+ T"
"752","NK"
"753","Effector CD8+ T"
"754","Effector CD8+ T"
"755","Naive CD4+ T"
"756","NK"
"757","Effector CD4+ T"
"758","Effector CD4+ T"
"759","Naive CD4+ T"
"760","Naive CD8+ T"
"761","Naive CD4+ T"
"762","B"
"763","NK"
"764","Naive CD4+ T"
"765","B"
"766","NK"
"767","Monocytes"
"768","Effector CD8+ T"
"769","Effector CD4+ T"
"770","Effector CD4+ T"
"771","Naive CD4+ T"
"772","Naive CD4+ T"
"773","Effector CD4+ T"
"774","NK"
"775","Naive CD8+ T"
"776","Naive CD8+ T"
"777","NK"
"778","Naive CD8+ T"
"779","Naive CD4+ T"
"780","Monocytes"
"781","Naive CD8+ T"
"782","Effector CD4+ T"
"783","Naive CD4+ T"
"784","Naive CD8+ T"
"785","Naive CD8+ T"
"786","NK"
"787","Naive CD8+ T"
"788","Naive CD8+ T"
"789","NK"
"790","Naive CD8+ T"
"791","Effector CD4+ T"
"792","Effector CD4+ T"
"793","Naive CD4+ T"
"794","Effector CD4+ T"
"795","Effector CD4+ T"
"796","Effector CD4+ T"
"797","Effector CD4+ T"
"798","Naive CD4+ T"
"799","Naive CD4+ T"
"800","NK"
"801","Naive CD4+ T"
"802","Effector CD8+ T"
"803","Naive CD4+ T"
"804","Effector CD4+ T"
"805","B"
"806","Naive CD4+ T"
"807","Monocytes"
"808","Naive CD4+ T"
"809","Effector CD4+ T"
"810","Effector CD4+ T"
"811","Effector CD4+ T"
"812","Naive CD4+ T"
"813","Naive CD4+ T"
"814","Naive CD4+ T"
"815","Monocytes"
"816","Effector CD4+ T"
"817","Naive CD4+ T"
"818","Monocytes"
"819","NK"
"820","NK"
"821","Naive CD4+ T"
"822","Effector CD4+ T"
"823","Effector CD4+ T"
"824","Effector CD8+ T"
"825","Naive CD8+ T"
"826","Naive CD8+ T"
"827","Naive CD4+ T"
"828","B"
"829","Naive CD4+ T"
"830","NK"
"831","Effector CD8+ T"
"832","Effector CD4+ T"
"833","Naive CD4+ T"
"834","Effector CD8+ T"
"835","Naive CD8+ T"
"836","B"
"837","Naive CD4+ T"
"838","Effector CD4+ T"
"839","Naive CD4+ T"
"840","Naive CD4+ T"
"841","Effector CD4+ T"
"842","Naive CD8+ T"
"843","NK"
"844","Effector CD4+ T"
"845","Naive CD8+ T"
"846","Naive CD8+ T"
"847","Effector CD4+ T"
"848","Naive CD4+ T"
"849","Naive CD8+ T"
"850","Naive CD4+ T"
"851","Naive CD4+ T"
"852","Naive CD4+ T"
"853","Naive CD8+ T"
"854","Naive CD8+ T"
"855","Effector CD4+ T"
"856","Effector CD4+ T"
"857","Naive CD4+ T"
"858","NK"
"859","Effector CD8+ T"
"860","Effector CD4+ T"
"861","Monocytes"
"862","Effector CD8+ T"
"863","Effector CD4+ T"
"864","Effector CD4+ T"
"865","Effector CD4+ T"
"866","Naive CD4+ T"
"867","Effector CD4+ T"
"868","Naive CD4+ T"
"869","Naive CD4+ T"
"870","Naive CD4+ T"
"871","Effector CD4+ T"
"872","Monocytes"
"873","Effector CD8+ T"
"874","Naive CD8+ T"
"875","Monocytes"
"876","Effector CD4+ T"
"877","Naive CD8+ T"
"878","NK"
"879","Naive CD8+ T"
"880","NK"
"881","Naive CD8+ T"
"882","Effector CD8+ T"
"883","Naive CD4+ T"
"884","Effector CD4+ T"
"885","Naive CD4+ T"
"886","Naive CD8+ T"
"887","Effector CD4+ T"
"888","Naive CD4+ T"
"889","Effector CD4+ T"
"890","B"
"891","NK"
"892","Naive CD4+ T"
"893","NK"
"894","Naive CD4+ T"
"895","Effector CD8+ T"
"896","Naive CD4+ T"
"897","Naive CD4+ T"
"898","Naive CD4+ T"
"899","Naive CD4+ T"
"900","Effector CD4+ T"
"901","NK"
"902","B"
"903","Monocytes"
"904","Effector CD4+ T"
"905","Effector CD4+ T"
"906","Effector CD4+ T"
"907","B"
"908","Effector CD4+ T"
"909","Naive CD8+ T"
"910","Naive CD4+ T"
"911","Effector CD4+ T"
"912","Naive CD4+ T"
"913","Naive CD8+ T"
"914","Effector CD8+ T"
"915","Naive CD4+ T"
"916","Naive CD4+ T"
"917","NK"
"918","Naive CD4+ T"
"919","Naive CD4+ T"
"920","Naive CD4+ T"
"921","Naive CD4+ T"
"922","NK"
"923","Effector CD8+ T"
"924","Effector CD4+ T"
"925","Effector CD4+ T"
"926","Naive CD4+ T"
"927","Naive CD8+ T"
"928","Naive CD8+ T"
"929","Naive CD4+ T"
"930","B"
"931","Monocytes"
"932","B"
"933","Effector CD4+ T"
"934","Naive CD4+ T"
"935","Effector CD4+ T"
"936","Naive CD4+ T"
"937","Naive CD4+ T"
"938","Effector CD4+ T"
"939","Effector CD4+ T"
"940","Effector CD4+ T"
"941","Effector CD4+ T"
"942","Naive CD8+ T"
"943","Effector CD4+ T"
"944","NK"
"945","Effector CD8+ T"
"946","NK"
"947","NK"
"948","Monocytes"
"949","Naive CD8+ T"
"950","Naive CD4+ T"
"951","NK"
"952","B"
"953","Naive CD4+ T"
"954","Naive CD4+ T"
"955","Effector CD4+ T"
"956","Naive CD4+ T"
"957","Naive CD4+ T"
"958","Effector CD4+ T"
"959","Naive CD4+ T"
"960","Naive CD8+ T"
"961","Naive CD4+ T"
"962","Naive CD4+ T"
"963","Naive CD4+ T"
"964","Effector CD4+ T"
"965","Effector CD4+ T"
"966","Naive CD4+ T"
"967","Naive CD8+ T"
"968","Naive CD4+ T"
"969","Naive CD8+ T"
"970","Monocytes"
"971","Naive CD4+ T"
"972","Naive CD4+ T"
"973","NK"
"974","Effector CD8+ T"
"975","Naive CD4+ T"
"976","B"
"977","Naive CD4+ T"
"978","NK"
"979","Naive CD4+ T"
"980","NK"
"981","B"
"982","Effector CD8+ T"
"983","Naive CD8+ T"
"984","Naive CD4+ T"
"985","Naive CD8+ T"
"986","Naive CD4+ T"
"987","Naive CD8+ T"
"988","Naive CD4+ T"
"989","Naive CD4+ T"
"990","Naive CD4+ T"
"991","Effector CD8+ T"
"992","Naive CD4+ T"
"993","Effector CD4+ T"
"994","Naive CD8+ T"
"995","Naive CD4+ T"
"996","NK"
"997","Naive CD4+ T"
"998","Effector CD8+ T"
"999","Effector CD8+ T"
"1000","Effector CD4+ T"
"1001","NK"
"1002","NK"
"1003","NK"
"1004","NK"
"1005","Naive CD4+ T"
"1006","Naive CD4+ T"
"1007","Naive CD4+ T"
"1008","Naive CD4+ T"
"1009","Effector CD4+ T"
"1010","Naive CD4+ T"
"1011","Effector CD4+ T"
"1012","Naive CD4+ T"
"1013","Effector CD4+ T"
"1014","Effector CD4+ T"
"1015","Monocytes"
"1016","Effector CD8+ T"
"1017","B"
"1018","Naive CD4+ T"
"1019","Naive CD8+ T"
"1020","B"
"1021","B"
"1022","Naive CD4+ T"
"1023","Effector CD8+ T"
"1024","Effector CD4+ T"
"1025","B"
"1026","Naive CD8+ T"
"1027","Effector CD8+ T"
"1028","Effector CD4+ T"
"1029","Naive CD4+ T"
"1030","NK"
"1031","Naive CD4+ T"
"1032","Naive CD4+ T"
"1033","Effector CD4+ T"
"1034","Naive CD8+ T"
"1035","Monocytes"
"1036","Effector CD8+ T"
"1037","Monocytes"
"1038","Naive CD4+ T"
"1039","Effector CD4+ T"
"1040","Effector CD8+ T"
"1041","Naive CD8+ T"
"1042","Naive CD4+ T"
"1043","Naive CD8+ T"
"1044","B"
"1045","Naive CD4+ T"
"1046","Naive CD4+ T"
"1047","B"
"1048","Naive CD8+ T"
"1049","Effector CD8+ T"
"1050","B"
"1051","Naive CD4+ T"
"1052","NK"
"1053","Naive CD8+ T"
"1054","Naive CD4+ T"
"1055","Naive CD4+ T"
"1056","Naive CD4+ T"
"1057","Naive CD4+ T"
"1058","Naive CD8+ T"
"1059","Naive CD4+ T"
"1060","NK"
"1061","NK"
"1062","Naive CD4+ T"
"1063","Naive CD8+ T"
"1064","Naive CD4+ T"
"1065","Naive CD4+ T"
"1066","Effector CD8+ T"
"1067","Effector CD8+ T"
"1068","Effector CD4+ T"
"1069","Naive CD4+ T"
"1070","Naive CD4+ T"
"1071","Naive CD8+ T"
"1072","Naive CD8+ T"
"1073","Effector CD8+ T"
"1074","Naive CD4+ T"
"1075","Effector CD4+ T"
"1076","Monocytes"
"1077","Effector CD4+ T"
"1078","Naive CD4+ T"
"1079","Naive CD8+ T"
"1080","Effector CD4+ T"
"1081","Effector CD8+ T"
"1082","Naive CD8+ T"
"1083","Naive CD8+ T"
"1084","Effector CD8+ T"
"1085","Effector CD4+ T"
"1086","NK"
"1087","Effector CD8+ T"
"1088","Effector CD8+ T"
"1089","Naive CD4+ T"
"1090","Effector CD8+ T"
"1091","Effector CD4+ T"
"1092","Naive CD8+ T"
"1093","Effector CD8+ T"
"1094","Effector CD8+ T"
"1095","Effector CD8+ T"
"1096","Effector CD4+ T"
"1097","B"
"1098","Naive CD8+ T"
"1099","Naive CD4+ T"
"1100","NK"
"1101","Naive CD4+ T"
"1102","Effector CD4+ T"
"1103","Effector CD8+ T"
"1104","Effector CD4+ T"
"1105","Naive CD8+ T"
"1106","Effector CD4+ T"
"1107","Naive CD4+ T"
"1108","Effector CD4+ T"
"1109","Naive CD4+ T"
"1110","Naive CD4+ T"
"1111","Effector CD4+ T"
"1112","Naive CD4+ T"
"1113","Monocytes"
"1114","Naive CD4+ T"
"1115","Naive CD4+ T"
"1116","NK"
"1117","Naive CD4+ T"
"1118","Effector CD4+ T"
"1119","Naive CD4+ T"
"1120","Naive CD8+ T"
"1121","Naive CD8+ T"
"1122","Naive CD4+ T"
"1123","NK"
"1124","Naive CD8+ T"
"1125","Effector CD4+ T"
"1126","Effector CD4+ T"
"1127","Naive CD4+ T"
"1128","Effector CD4+ T"
"1129","Effector CD4+ T"
"1130","Naive CD4+ T"
"1131","Naive CD8+ T"
"1132","NK"
"1133","Naive CD8+ T"
"1134","Naive CD4+ T"
"1135","Naive CD4+ T"
"1136","Naive CD4+ T"
"1137","Naive CD8+ T"
"1138","Effector CD8+ T"
"1139","Naive CD4+ T"
"1140","NK"
"1141","Effector CD4+ T"
"1142","Effector CD8+ T"
"1143","Naive CD8+ T"
"1144","NK"
"1145","NK"
"1146","Naive CD4+ T"
"1147","Naive CD4+ T"
"1148","Naive CD4+ T"
"1149","NK"
"1150","Effector CD4+ T"
"1151","B"
"1152","B"
"1153","Naive CD4+ T"
"1154","Naive CD8+ T"
"1155","Naive CD4+ T"
"1156","Naive CD4+ T"
"1157","Effector CD4+ T"
"1158","Naive CD8+ T"
"1159","Naive CD4+ T"
"1160","Naive CD4+ T"
"1161","Effector CD8+ T"
"1162","Naive CD8+ T"
"1163","Effector CD4+ T"
"1164","Naive CD4+ T"
"1165","Naive CD4+ T"
"1166","Effector CD4+ T"
"1167","Effector CD4+ T"
"1168","Effector CD8+ T"
"1169","Naive CD8+ T"
"1170","Effector CD4+ T"
"1171","Naive CD8+ T"
"1172","Effector CD4+ T"
"1173","Effector CD4+ T"
"1174","Naive CD4+ T"
"1175","Naive CD4+ T"
"1176","Naive CD4+ T"
"1177","Effector CD4+ T"
"1178","Naive CD4+ T"
"1179","Effector CD4+ T"
"1180","Naive CD4+ T"
"1181","NK"
"1182","Naive CD4+ T"
"1183","Naive CD4+ T"
"1184","Effector CD8+ T"
"1185","B"
"1186","NK"
"1187","Naive CD4+ T"
"1188","Naive CD4+ T"
"1189","Effector CD4+ T"
"1190","Effector CD4+ T"
"1191","Naive CD4+ T"
"1192","Naive CD4+ T"
"1193","Naive CD4+ T"
"1194","Effector CD8+ T"
"1195","NK"
"1196","Naive CD4+ T"
"1197","Effector CD4+ T"
"1198","Naive CD4+ T"
"1199","Naive CD4+ T"
"1200","Effector CD4+ T"
"1201","Naive CD4+ T"
"1202","NK"
"1203","Effector CD4+ T"
"1204","B"
"1205","Effector CD4+ T"
"1206","Naive CD4+ T"
"1207","Naive CD4+ T"
"1208","Naive CD8+ T"
"1209","Effector CD4+ T"
"1210","Effector CD4+ T"
"1211","Effector CD8+ T"
"1212","Effector CD4+ T"
"1213","B"
"1214","Effector CD8+ T"
"1215","Naive CD4+ T"
"1216","Effector CD8+ T"
"1217","Naive CD8+ T"
"1218","Effector CD4+ T"
"1219","Naive CD8+ T"
"1220","Monocytes"
"1221","Naive CD4+ T"
"1222","NK"
"1223","Effector CD4+ T"
"1224","Monocytes"
"1225","Naive CD8+ T"
"1226","Naive CD8+ T"
"1227","Naive CD4+ T"
"1228","Naive CD8+ T"
"1229","Naive CD4+ T"
"1230","Naive CD4+ T"
"1231","Effector CD4+ T"
"1232","Naive CD4+ T"
"1233","Naive CD4+ T"
"1234","NK"
"1235","Naive CD4+ T"
"1236","Effector CD8+ T"
"1237","Naive CD4+ T"
"1238","Naive CD4+ T"
"1239","Naive CD8+ T"
"1240","Naive CD8+ T"
"1241","Naive CD4+ T"
"1242","Effector CD4+ T"
"1243","Effector CD8+ T"
"1244","NK"
"1245","NK"
"1246","B"
"1247","NK"
"1248","Naive CD4+ T"
"1249","Effector CD4+ T"
"1250","Effector CD4+ T"
"1251","Effector CD8+ T"
"1252","Naive CD8+ T"
"1253","NK"
"1254","Naive CD4+ T"
"1255","B"
"1256","Naive CD4+ T"
"1257","Naive CD4+ T"
"1258","Naive CD8+ T"
"1259","NK"
"1260","Naive CD4+ T"
"1261","Naive CD8+ T"
"1262","Effector CD4+ T"
"1263","Monocytes"
"1264","Effector CD4+ T"
"1265","Effector CD4+ T"
"1266","Naive CD8+ T"
"1267","Naive CD4+ T"
"1268","Naive CD4+ T"
"1269","Monocytes"
"1270","Naive CD4+ T"
"1271","B"
"1272","NK"
"1273","Naive CD8+ T"
"1274","Naive CD8+ T"
"1275","Effector CD4+ T"
"1276","Naive CD4+ T"
"1277","Monocytes"
"1278","Naive CD4+ T"
"1279","Effector CD4+ T"
"1280","Effector CD4+ T"
"1281","Effector CD4+ T"
"1282","Naive CD4+ T"
"1283","Naive CD4+ T"
"1284","Naive CD4+ T"
"1285","NK"
"1286","Naive CD8+ T"
"1287","Effector CD4+ T"
"1288","Naive CD8+ T"
"1289","Naive CD4+ T"
"1290","Naive CD4+ T"
"1291","Naive CD4+ T"
"1292","B"
"1293","Effector CD8+ T"
"1294","Effector CD4+ T"
"1295","NK"
"1296","NK"
"1297","B"
"1298","Effector CD8+ T"
"1299","NK"
"1300","NK"
"1301","Naive CD8+ T"
"1302","Naive CD4+ T"
"1303","Effector CD8+ T"
"1304","Naive CD4+ T"
"1305","Naive CD8+ T"
"1306","NK"
"1307","Naive CD4+ T"
"1308","NK"
"1309","Effector CD4+ T"
"1310","B"
"1311","Effector CD4+ T"
"1312","Naive CD4+ T"
"1313","Effector CD4+ T"
"1314","Naive CD8+ T"
"1315","Effector CD8+ T"
"1316","Naive CD4+ T"
"1317","Naive CD4+ T"
"1318","Effector CD4+ T"
"1319","Effector CD4+ T"
"1320","Naive CD8+ T"
"1321","Effector CD4+ T"
"1322","Naive CD8+ T"
"1323","Naive CD4+ T"
"1324","NK"
"1325","Effector CD8+ T"
"1326","B"
"1327","Effector CD4+ T"
"1328","Effector CD8+ T"
"1329","Effector CD8+ T"
"1330","B"
"1331","Monocytes"
"1332","Naive CD8+ T"
"1333","NK"
"1334","Effector CD8+ T"
"1335","Naive CD4+ T"
"1336","Naive CD4+ T"
"1337","NK"
"1338","Naive CD4+ T"
"1339","NK"
"1340","NK"
"1341","Naive CD4+ T"
"1342","Effector CD4+ T"
"1343","Naive CD4+ T"
"1344","Monocytes"
"1345","Naive CD4+ T"
"1346","Naive CD8+ T"
"1347","Effector CD8+ T"
"1348","Effector CD4+ T"
"1349","Naive CD4+ T"
"1350","Monocytes"
"1351","Naive CD8+ T"
"1352","Naive CD4+ T"
"1353","Effector CD8+ T"
"1354","Effector CD4+ T"
"1355","Effector CD8+ T"
"1356","Effector CD4+ T"
"1357","B"
"1358","Naive CD4+ T"
"1359","Naive CD4+ T"
"1360","Naive CD8+ T"
"1361","Naive CD4+ T"
"1362","NK"
"1363","Naive CD8+ T"
"1364","Effector CD4+ T"
"1365","NK"
"1366","Naive CD4+ T"
"1367","B"
"1368","Effector CD8+ T"
"1369","Effector CD4+ T"
"1370","NK"
"1371","Naive CD4+ T"
"1372","Effector CD4+ T"
"1373","Effector CD8+ T"
"1374","Naive CD8+ T"
"1375","Naive CD4+ T"
"1376","Effector CD4+ T"
"1377","NK"
"1378","Naive CD4+ T"
"1379","Naive CD4+ T"
"1380","Effector CD8+ T"
"1381","Effector CD4+ T"
"1382","Effector CD4+ T"
"1383","Naive CD4+ T"
"1384","Effector CD8+ T"
"1385","Monocytes"
"1386","Naive CD4+ T"
"1387","Naive CD8+ T"
"1388","B"
"1389","Effector CD4+ T"
"1390","NK"
"1391","Effector CD8+ T"
"1392","Naive CD4+ T"
"1393","Effector CD4+ T"
"1394","Effector CD4+ T"
"1395","NK"
"1396","Effector CD4+ T"
"1397","NK"
"1398","Naive CD8+ T"
"1399","Effector CD4+ T"
"1400","Effector CD4+ T"
"1401","Naive CD8+ T"
"1402","Effector CD4+ T"
"1403","Naive CD8+ T"
"1404","NK"
"1405","Effector CD4+ T"
"1406","Naive CD4+ T"
"1407","Naive CD4+ T"
"1408","Naive CD4+ T"
"1409","Effector CD8+ T"
"1410","Effector CD4+ T"
"1411","NK"
"1412","Naive CD8+ T"
"1413","Naive CD4+ T"
"1414","Monocytes"
"1415","Naive CD4+ T"
"1416","Naive CD4+ T"
"1417","Naive CD4+ T"
"1418","Monocytes"
"1419","Naive CD4+ T"
"1420","Naive CD4+ T"
"1421","Naive CD4+ T"
"1422","Effector CD4+ T"
"1423","Naive CD4+ T"
"1424","Naive CD4+ T"
"1425","Effector CD4+ T"
"1426","Effector CD4+ T"
"1427","Effector CD4+ T"
"1428","Naive CD4+ T"
"1429","Effector CD4+ T"
"1430","Naive CD4+ T"
"1431","Naive CD4+ T"
"1432","Effector CD4+ T"
"1433","Naive CD8+ T"
"1434","Naive CD4+ T"
"1435","Naive CD4+ T"
"1436","NK"
"1437","NK"
"1438","Naive CD4+ T"
"1439","Monocytes"
"1440","Naive CD4+ T"
"1441","Naive CD4+ T"
"1442","Effector CD4+ T"
"1443","Effector CD4+ T"
"1444","Effector CD8+ T"
"1445","Naive CD4+ T"
"1446","B"
"1447","Effector CD4+ T"
"1448","NK"
"1449","Effector CD8+ T"
"1450","Effector CD4+ T"
"1451","Naive CD4+ T"
"1452","Naive CD4+ T"
"1453","Naive CD4+ T"
"1454","B"
"1455","Naive CD4+ T"
"1456","NK"
"1457","B"
"1458","Effector CD8+ T"
"1459","Naive CD4+ T"
"1460","Naive CD8+ T"
"1461","Effector CD8+ T"
"1462","Naive CD4+ T"
"1463","Naive CD4+ T"
"1464","Effector CD4+ T"
"1465","Naive CD4+ T"
"1466","Naive CD4+ T"
"1467","Naive CD4+ T"
"1468","Effector CD4+ T"
"1469","Naive CD4+ T"
"1470","Naive CD4+ T"
"1471","Naive CD4+ T"
"1472","Naive CD4+ T"
"1473","NK"
"1474","Effector CD4+ T"
"1475","NK"
"1476","Monocytes"
"1477","Effector CD4+ T"
"1478","Naive CD4+ T"
"1479","Naive CD8+ T"
"1480","Effector CD4+ T"
"1481","Naive CD4+ T"
"1482","Naive CD4+ T"
"1483","NK"
"1484","Effector CD4+ T"
"1485","Naive CD4+ T"
"1486","Naive CD4+ T"
"1487","Effector CD4+ T"
"1488","Naive CD4+ T"
"1489","Effector CD8+ T"
"1490","Naive CD4+ T"
"1491","Effector CD8+ T"
"1492","Naive CD4+ T"
"1493","Effector CD4+ T"
"1494","Naive CD4+ T"
"1495","Naive CD8+ T"
"1496","Effector CD4+ T"
"1497","Naive CD4+ T"
"1498","B"
"1499","Naive CD8+ T"
"1500","Effector CD4+ T"
"1501","Effector CD4+ T"
"1502","Effector CD4+ T"
"1503","Naive CD8+ T"
"1504","Monocytes"
"1505","NK"
"1506","Naive CD4+ T"
"1507","Effector CD8+ T"
"1508","Effector CD8+ T"
"1509","B"
"1510","Effector CD4+ T"
"1511","Naive CD4+ T"
"1512","Effector CD8+ T"
"1513","Effector CD4+ T"
"1514","Naive CD4+ T"
"1515","Naive CD4+ T"
"1516","Effector CD4+ T"
"1517","Naive CD4+ T"
"1518","Naive CD4+ T"
"1519","Effector CD4+ T"
"1520","Naive CD4+ T"
"1521","B"
"1522","Effector CD4+ T"
"1523","Naive CD4+ T"
"1524","Naive CD4+ T"
"1525","Effector CD8+ T"
"1526","Naive CD4+ T"
"1527","Naive CD4+ T"
"1528","NK"
"1529","Effector CD4+ T"
"1530","Naive CD4+ T"
"1531","Monocytes"
"1532","Effector CD8+ T"
"1533","NK"
"1534","Naive CD8+ T"
"1535","Naive CD4+ T"
"1536","Naive CD4+ T"
"1537","Naive CD4+ T"
"1538","Naive CD4+ T"
"1539","NK"
"1540","Naive CD4+ T"
"1541","Naive CD4+ T"
"1542","Effector CD4+ T"
"1543","Naive CD4+ T"
"1544","Naive CD4+ T"
"1545","Effector CD4+ T"
"1546","Naive CD4+ T"
"1547","Naive CD4+ T"
"1548","Naive CD4+ T"
"1549","Naive CD4+ T"
"1550","Naive CD4+ T"
"1551","Naive CD8+ T"
"1552","Effector CD8+ T"
"1553","Naive CD8+ T"
"1554","Effector CD8+ T"
"1555","Naive CD4+ T"
"1556","B"
"1557","NK"
"1558","NK"
"1559","Effector CD4+ T"
"1560","NK"
"1561","Naive CD4+ T"
"1562","Naive CD4+ T"
"1563","Effector CD4+ T"
"1564","Naive CD4+ T"
"1565","NK"
"1566","Naive CD4+ T"
"1567","Effector CD4+ T"
"1568","Effector CD4+ T"
"1569","Effector CD4+ T"
"1570","Naive CD4+ T"
"1571","Monocytes"
"1572","Naive CD4+ T"
"1573","NK"
"1574","Naive CD8+ T"
"1575","B"
"1576","Effector CD4+ T"
"1577","Naive CD4+ T"
"1578","Naive CD4+ T"
"1579","Effector CD8+ T"
"1580","NK"
"1581","Naive CD4+ T"
"1582","Effector CD4+ T"
"1583","Naive CD4+ T"
"1584","Naive CD4+ T"
"1585","Monocytes"
"1586","Naive CD4+ T"
"1587","Effector CD4+ T"
"1588","NK"
"1589","Effector CD4+ T"
"1590","Effector CD8+ T"
"1591","NK"
"1592","B"
"1593","Effector CD4+ T"
"1594","NK"
"1595","Naive CD4+ T"
"1596","B"
"1597","Naive CD4+ T"
"1598","Naive CD4+ T"
"1599","Naive CD8+ T"
"1600","Naive CD4+ T"
"1601","Naive CD4+ T"
"1602","Naive CD4+ T"
"1603","B"
"1604","Effector CD4+ T"
"1605","Naive CD4+ T"
"1606","Effector CD8+ T"
"1607","Naive CD8+ T"
"1608","Naive CD4+ T"
"1609","Naive CD8+ T"
"1610","Monocytes"
"1611","Effector CD4+ T"
"1612","Naive CD4+ T"
"1613","NK"
"1614","Effector CD8+ T"
"1615","Effector CD4+ T"
"1616","Naive CD4+ T"
"1617","Naive CD8+ T"
"1618","Naive CD4+ T"
"1619","Effector CD4+ T"
"1620","Effector CD4+ T"
"1621","Effector CD4+ T"
"1622","B"
"1623","Naive CD4+ T"
"1624","Naive CD8+ T"
"1625","Effector CD4+ T"
"1626","Naive CD8+ T"
"1627","Effector CD4+ T"
"1628","Naive CD4+ T"
"1629","Naive CD4+ T"
"1630","Naive CD4+ T"
"1631","Naive CD4+ T"
"1632","Effector CD4+ T"
"1633","NK"
"1634","Naive CD4+ T"
"1635","NK"
"1636","Effector CD4+ T"
"1637","Effector CD4+ T"
"1638","Effector CD4+ T"
"1639","Effector CD4+ T"
"1640","B"
"1641","NK"
"1642","Naive CD4+ T"
"1643","Effector CD4+ T"
"1644","Naive CD8+ T"
"1645","Effector CD4+ T"
"1646","Monocytes"
"1647","Effector CD8+ T"
"1648","Naive CD8+ T"
"1649","Naive CD4+ T"
"1650","Naive CD8+ T"
"1651","Effector CD4+ T"
"1652","Naive CD8+ T"
"1653","Effector CD8+ T"
"1654","Naive CD8+ T"
"1655","B"
"1656","NK"
"1657","Effector CD8+ T"
"1658","B"
"1659","Effector CD4+ T"
"1660","B"
"1661","Naive CD8+ T"
"1662","Naive CD4+ T"
"1663","Effector CD4+ T"
"1664","Effector CD4+ T"
"1665","Naive CD4+ T"
"1666","Naive CD4+ T"
"1667","B"
"1668","Effector CD4+ T"
"1669","B"
"1670","Naive CD4+ T"
"1671","Naive CD4+ T"
"1672","NK"
"1673","Naive CD8+ T"
"1674","Naive CD8+ T"
"1675","Naive CD4+ T"
"1676","NK"
"1677","Effector CD4+ T"
"1678","Effector CD8+ T"
"1679","Naive CD4+ T"
"1680","Naive CD4+ T"
"1681","Naive CD8+ T"
"1682","Effector CD4+ T"
"1683","Naive CD4+ T"
"1684","Naive CD8+ T"
"1685","NK"
"1686","Naive CD8+ T"
"1687","Naive CD4+ T"
"1688","Naive CD8+ T"
"1689","Naive CD8+ T"
"1690","Naive CD4+ T"
"1691","NK"
"1692","Naive CD4+ T"
"1693","Naive CD8+ T"
"1694","Naive CD4+ T"
"1695","Naive CD4+ T"
"1696","Effector CD4+ T"
"1697","NK"
"1698","Naive CD4+ T"
"1699","Naive CD4+ T"
"1700","Naive CD4+ T"
"1701","Naive CD4+ T"
"1702","Naive CD4+ T"
"1703","NK"
"1704","Effector CD4+ T"
"1705","Effector CD8+ T"
"1706","B"
"1707","Naive CD4+ T"
"1708","Naive CD4+ T"
"1709","Naive CD8+ T"
"1710","Effector CD8+ T"
"1711","Naive CD8+ T"
"1712","Effector CD4+ T"
"1713","Effector CD4+ T"
"1714","NK"
"1715","Effector CD4+ T"
"1716","Naive CD8+ T"
"1717","Naive CD4+ T"
"1718","B"
"1719","NK"
"1720","Effector CD4+ T"
"1721","Effector CD4+ T"
"1722","Naive CD4+ T"
"1723","Effector CD4+ T"
"1724","Naive CD4+ T"
"1725","NK"
"1726","Naive CD8+ T"
"1727","Naive CD4+ T"
"1728","Naive CD8+ T"
"1729","Naive CD4+ T"
"1730","Naive CD8+ T"
"1731","NK"
"1732","Effector CD4+ T"
"1733","Naive CD4+ T"
"1734","Effector CD4+ T"
"1735","Effector CD4+ T"
"1736","Effector CD4+ T"
"1737","Effector CD4+ T"
"1738","Effector CD8+ T"
"1739","Naive CD4+ T"
"1740","Effector CD4+ T"
"1741","Effector CD4+ T"
"1742","NK"
"1743","B"
"1744","B"
"1745","Naive CD4+ T"
"1746","Naive CD4+ T"
"1747","Effector CD4+ T"
"1748","Naive CD4+ T"
"1749","Effector CD4+ T"
"1750","Naive CD4+ T"
"1751","Effector CD4+ T"
"1752","B"
"1753","Effector CD4+ T"
"1754","Monocytes"
"1755","Naive CD8+ T"
"1756","Effector CD4+ T"
"1757","Effector CD4+ T"
"1758","Effector CD4+ T"
"1759","Naive CD4+ T"
"1760","Effector CD4+ T"
"1761","NK"
"1762","Naive CD8+ T"
"1763","Effector CD8+ T"
"1764","Effector CD4+ T"
"1765","Effector CD4+ T"
"1766","Effector CD8+ T"
"1767","Naive CD4+ T"
"1768","Naive CD4+ T"
"1769","Naive CD4+ T"
"1770","Effector CD4+ T"
"1771","Effector CD4+ T"
"1772","Naive CD4+ T"
"1773","Effector CD8+ T"
"1774","NK"
"1775","Effector CD4+ T"
"1776","Naive CD4+ T"
"1777","B"
"1778","Monocytes"
"1779","Monocytes"
"1780","Effector CD8+ T"
"1781","Naive CD4+ T"
"1782","NK"
"1783","Naive CD4+ T"
"1784","Effector CD4+ T"
"1785","Naive CD4+ T"
"1786","NK"
"1787","Naive CD4+ T"
"1788","B"
"1789","Naive CD4+ T"
"1790","Effector CD4+ T"
"1791","Naive CD4+ T"
"1792","Effector CD4+ T"
"1793","B"
"1794","Naive CD8+ T"
"1795","Effector CD4+ T"
"1796","B"
"1797","Effector CD4+ T"
"1798","Effector CD4+ T"
"1799","Naive CD4+ T"
"1800","Effector CD4+ T"
"1801","Naive CD4+ T"
"1802","Naive CD8+ T"
"1803","NK"
"1804","Naive CD4+ T"
"1805","Naive CD4+ T"
"1806","Naive CD4+ T"
"1807","Effector CD4+ T"
"1808","Effector CD8+ T"
"1809","Naive CD4+ T"
"1810","Effector CD4+ T"
"1811","Effector CD8+ T"
"1812","Naive CD8+ T"
"1813","Naive CD8+ T"
"1814","Naive CD4+ T"
"1815","Effector CD4+ T"
"1816","Naive CD4+ T"
"1817","Monocytes"
"1818","Naive CD4+ T"
"1819","Naive CD8+ T"
"1820","Naive CD4+ T"
"1821","NK"
"1822","Monocytes"
"1823","Effector CD4+ T"
"1824","Naive CD4+ T"
"1825","Effector CD4+ T"
"1826","Effector CD4+ T"
"1827","Effector CD4+ T"
"1828","Naive CD8+ T"
"1829","NK"
"1830","Effector CD4+ T"
"1831","Effector CD4+ T"
"1832","Naive CD4+ T"
"1833","Naive CD4+ T"
"1834","Naive CD4+ T"
"1835","Effector CD4+ T"
"1836","Naive CD4+ T"
"1837","Naive CD8+ T"
"1838","NK"
"1839","Effector CD4+ T"
"1840","Effector CD4+ T"
"1841","Naive CD4+ T"
"1842","Effector CD4+ T"
"1843","Naive CD8+ T"
"1844","Effector CD4+ T"
"1845","Naive CD8+ T"
"1846","Naive CD4+ T"
"1847","Naive CD8+ T"
"1848","NK"
"1849","Effector CD4+ T"
"1850","Naive CD8+ T"
"1851","Effector CD4+ T"
"1852","Naive CD4+ T"
"1853","Effector CD8+ T"
"1854","Effector CD4+ T"
"1855","Naive CD4+ T"
"1856","Naive CD8+ T"
"1857","Naive CD4+ T"
"1858","Naive CD4+ T"
"1859","B"
"1860","Effector CD4+ T"
"1861","Naive CD4+ T"
"1862","Naive CD4+ T"
"1863","Effector CD8+ T"
"1864","B"
"1865","Naive CD4+ T"
"1866","Naive CD4+ T"
"1867","Naive CD4+ T"
"1868","Naive CD8+ T"
"1869","B"
"1870","Effector CD4+ T"
"1871","Monocytes"
"1872","NK"
"1873","Monocytes"
"1874","Naive CD4+ T"
"1875","Effector CD8+ T"
"1876","Naive CD8+ T"
"1877","Naive CD4+ T"
"1878","Effector CD4+ T"
"1879","Effector CD4+ T"
"1880","NK"
"1881","Naive CD8+ T"
"1882","Naive CD4+ T"
"1883","Effector CD4+ T"
"1884","Naive CD4+ T"
"1885","Effector CD8+ T"
"1886","Naive CD4+ T"
"1887","Effector CD4+ T"
"1888","Effector CD8+ T"
"1889","NK"
"1890","Naive CD8+ T"
"1891","Naive CD4+ T"
"1892","Naive CD4+ T"
"1893","Effector CD8+ T"
"1894","Naive CD4+ T"
"1895","Effector CD8+ T"
"1896","Naive CD4+ T"
"1897","NK"
"1898","B"
"1899","Naive CD8+ T"
"1900","NK"
"1901","Naive CD8+ T"
"1902","B"
"1903","Effector CD4+ T"
"1904","Naive CD8+ T"
"1905","Effector CD8+ T"
"1906","NK"
"1907","Naive CD4+ T"
"1908","Naive CD4+ T"
"1909","B"
"1910","Effector CD4+ T"
"1911","Effector CD4+ T"
"1912","B"
"1913","Naive CD8+ T"
"1914","Effector CD4+ T"
"1915","Effector CD4+ T"
"1916","Naive CD4+ T"
"1917","Effector CD4+ T"
"1918","Effector CD4+ T"
"1919","NK"
"1920","Effector CD8+ T"
"1921","Naive CD4+ T"
"1922","Effector CD8+ T"
"1923","Effector CD4+ T"
"1924","Naive CD4+ T"
"1925","Effector CD4+ T"
"1926","Naive CD4+ T"
"1927","Naive CD8+ T"
"1928","Naive CD8+ T"
"1929","NK"
"1930","Naive CD8+ T"
"1931","Naive CD4+ T"
"1932","Effector CD4+ T"
"1933","Effector CD4+ T"
"1934","Naive CD8+ T"
"1935","Effector CD4+ T"
"1936","Naive CD8+ T"
"1937","Naive CD4+ T"
"1938","Naive CD4+ T"
"1939","Effector CD8+ T"
"1940","Naive CD4+ T"
"1941","Naive CD4+ T"
"1942","Naive CD8+ T"
"1943","Monocytes"
"1944","Effector CD8+ T"
"1945","NK"
"1946","Naive CD8+ T"
"1947","Effector CD4+ T"
"1948","Naive CD8+ T"
"1949","Effector CD4+ T"
"1950","Naive CD4+ T"
"1951","Effector CD8+ T"
"1952","B"
"1953","Effector CD4+ T"
"1954","Naive CD8+ T"
"1955","Effector CD4+ T"
"1956","Naive CD8+ T"
"1957","B"
"1958","Effector CD4+ T"
"1959","Effector CD4+ T"
"1960","NK"
"1961","Naive CD4+ T"
"1962","Naive CD4+ T"
"1963","Effector CD8+ T"
"1964","B"
"1965","Effector CD8+ T"
"1966","Naive CD4+ T"
"1967","Naive CD4+ T"
"1968","Effector CD4+ T"
"1969","Effector CD8+ T"
"1970","NK"
"1971","Effector CD4+ T"
"1972","Effector CD4+ T"
"1973","Naive CD4+ T"
"1974","Naive CD4+ T"
"1975","Monocytes"
"1976","Naive CD4+ T"
"1977","Naive CD8+ T"
"1978","Naive CD4+ T"
"1979","Naive CD4+ T"
"1980","Effector CD4+ T"
"1981","Naive CD4+ T"
"1982","Monocytes"
"1983","Effector CD8+ T"
"1984","Effector CD8+ T"
"1985","Naive CD4+ T"
"1986","Monocytes"
"1987","Monocytes"
"1988","Effector CD8+ T"
"1989","Effector CD8+ T"
"1990","NK"
"1991","Naive CD4+ T"
"1992","NK"
"1993","Naive CD4+ T"
"1994","Effector CD4+ T"
"1995","Naive CD4+ T"
"1996","Naive CD8+ T"
"1997","Monocytes"
"1998","Naive CD4+ T"
"1999","Naive CD8+ T"
"2000","Naive CD8+ T"
"2001","Naive CD4+ T"
"2002","Effector CD8+ T"
"2003","Naive CD4+ T"
"2004","Naive CD4+ T"
"2005","NK"
"2006","B"
"2007","NK"
"2008","Naive CD4+ T"
"2009","Effector CD4+ T"
"2010","Naive CD4+ T"
"2011","Effector CD8+ T"
"2012","B"
"2013","Naive CD4+ T"
"2014","NK"
"2015","NK"
"2016","Effector CD4+ T"
"2017","Naive CD8+ T"
"2018","Effector CD4+ T"
"2019","B"
"2020","Effector CD8+ T"
"2021","Naive CD4+ T"
"2022","B"
"2023","Naive CD4+ T"
"2024","Naive CD8+ T"
"2025","Effector CD8+ T"
"2026","Effector CD4+ T"
"2027","Naive CD4+ T"
"2028","Naive CD4+ T"
"2029","Naive CD4+ T"
"2030","Monocytes"
"2031","Naive CD4+ T"
"2032","Naive CD8+ T"
"2033","Effector CD4+ T"
"2034","NK"
"2035","Effector CD4+ T"
"2036","Naive CD4+ T"
"2037","Naive CD4+ T"
"2038","Effector CD4+ T"
"2039","Naive CD4+ T"
"2040","NK"
"2041","Naive CD4+ T"
"2042","NK"
"2043","Effector CD4+ T"
"2044","Effector CD4+ T"
"2045","B"
"2046","Effector CD4+ T"
"2047","Effector CD4+ T"
"2048","Naive CD8+ T"
"2049","Naive CD4+ T"
"2050","Effector CD4+ T"
"2051","Naive CD4+ T"
"2052","Effector CD4+ T"
"2053","B"
"2054","Naive CD8+ T"
"2055","Effector CD4+ T"
"2056","Effector CD4+ T"
"2057","Effector CD8+ T"
"2058","Naive CD8+ T"
"2059","Naive CD8+ T"
"2060","Naive CD4+ T"
"2061","Naive CD4+ T"
"2062","Naive CD8+ T"
"2063","Naive CD8+ T"
"2064","Naive CD4+ T"
"2065","Naive CD4+ T"
"2066","Naive CD4+ T"
"2067","Naive CD4+ T"
"2068","Naive CD4+ T"
"2069","Effector CD4+ T"
"2070","Naive CD4+ T"
"2071","NK"
"2072","Effector CD4+ T"
"2073","Effector CD8+ T"
"2074","Effector CD4+ T"
"2075","Naive CD4+ T"
"2076","Effector CD4+ T"
"2077","Naive CD4+ T"
"2078","Naive CD4+ T"
"2079","Naive CD4+ T"
"2080","Naive CD4+ T"
"2081","Effector CD4+ T"
"2082","B"
"2083","Effector CD4+ T"
"2084","Naive CD4+ T"
"2085","Effector CD4+ T"
"2086","Naive CD4+ T"
"2087","Monocytes"
"2088","Naive CD4+ T"
"2089","Naive CD4+ T"
"2090","Naive CD4+ T"
"2091","Effector CD4+ T"
"2092","Effector CD4+ T"
"2093","Naive CD4+ T"
"2094","Monocytes"
"2095","Effector CD8+ T"
"2096","Naive CD4+ T"
"2097","Monocytes"
"2098","Naive CD4+ T"
"2099","NK"
"2100","Effector CD4+ T"
"2101","Naive CD4+ T"
"2102","NK"
"2103","B"
"2104","Effector CD4+ T"
"2105","Naive CD4+ T"
"2106","Effector CD4+ T"
"2107","Monocytes"
"2108","Effector CD4+ T"
"2109","B"
"2110","Naive CD8+ T"
"2111","B"
"2112","Effector CD4+ T"
"2113","Naive CD4+ T"
"2114","B"
"2115","Monocytes"
"2116","Naive CD8+ T"
"2117","Effector CD4+ T"
"2118","Naive CD4+ T"
"2119","Effector CD4+ T"
"2120","Naive CD4+ T"
"2121","Effector CD4+ T"
"2122","Effector CD4+ T"
"2123","NK"
"2124","Naive CD4+ T"
"2125","Effector CD4+ T"
"2126","Naive CD8+ T"
"2127","Effector CD8+ T"
"2128","NK"
"2129","Naive CD4+ T"
"2130","Naive CD8+ T"
"2131","Naive CD4+ T"
"2132","Naive CD4+ T"
"2133","NK"
"2134","Naive CD4+ T"
"2135","Monocytes"
"2136","NK"
"2137","Naive CD4+ T"
"2138","Effector CD4+ T"
"2139","NK"
"2140","Naive CD4+ T"
"2141","Naive CD4+ T"
"2142","NK"
"2143","Naive CD4+ T"
"2144","NK"
"2145","NK"
"2146","Naive CD4+ T"
"2147","Naive CD8+ T"
"2148","Naive CD4+ T"
"2149","Effector CD4+ T"
"2150","Naive CD8+ T"
"2151","Monocytes"
"2152","Effector CD4+ T"
"2153","Effector CD4+ T"
"2154","NK"
"2155","Naive CD4+ T"
"2156","Monocytes"
"2157","Naive CD4+ T"
"2158","Naive CD4+ T"
"2159","B"
"2160","Effector CD4+ T"
"2161","Effector CD4+ T"
"2162","Naive CD8+ T"
"2163","Naive CD4+ T"
"2164","Effector CD4+ T"
"2165","Effector CD4+ T"
"2166","Naive CD4+ T"
"2167","Naive CD8+ T"
"2168","B"
"2169","NK"
"2170","Naive CD8+ T"
"2171","Naive CD8+ T"
"2172","Effector CD4+ T"
"2173","NK"
"2174","Effector CD4+ T"
"2175","NK"
"2176","Naive CD4+ T"
"2177","B"
"2178","B"
"2179","B"
"2180","Naive CD4+ T"
"2181","NK"
"2182","Naive CD4+ T"
"2183","NK"
"2184","Naive CD4+ T"
"2185","Naive CD4+ T"
"2186","Effector CD8+ T"
"2187","Naive CD8+ T"
"2188","Naive CD4+ T"
"2189","Naive CD4+ T"
"2190","Naive CD4+ T"
"2191","NK"
"2192","Effector CD4+ T"
"2193","Naive CD4+ T"
"2194","Naive CD8+ T"
"2195","NK"
"2196","B"
"2197","NK"
"2198","Effector CD4+ T"
"2199","Naive CD4+ T"
"2200","Naive CD4+ T"
"2201","NK"
"2202","Naive CD4+ T"
"2203","NK"
"2204","NK"
"2205","Naive CD4+ T"
"2206","Effector CD4+ T"
"2207","B"
"2208","Naive CD4+ T"
"2209","Naive CD4+ T"
"2210","Naive CD8+ T"
"2211","NK"
"2212","Effector CD4+ T"
"2213","NK"
"2214","Effector CD4+ T"
"2215","Effector CD8+ T"
"2216","Effector CD4+ T"
"2217","NK"
"2218","Naive CD4+ T"
"2219","Naive CD4+ T"
"2220","Naive CD4+ T"
"2221","Effector CD8+ T"
"2222","Effector CD4+ T"
"2223","Naive CD4+ T"
"2224","Effector CD8+ T"
"2225","Naive CD4+ T"
"2226","B"
"2227","Naive CD4+ T"
"2228","B"
"2229","Effector CD4+ T"
"2230","NK"
"2231","Effector CD4+ T"
"2232","Naive CD4+ T"
"2233","Naive CD4+ T"
"2234","Naive CD4+ T"
"2235","Naive CD4+ T"
"2236","B"
"2237","Naive CD4+ T"
"2238","Effector CD4+ T"
"2239","Naive CD8+ T"
"2240","Naive CD4+ T"
"2241","Effector CD4+ T"
"2242","Effector CD8+ T"
"2243","Effector CD4+ T"
"2244","Effector CD8+ T"
"2245","Naive CD4+ T"
"2246","B"
"2247","NK"
"2248","Effector CD4+ T"
"2249","Naive CD8+ T"
"2250","Naive CD8+ T"
"2251","Naive CD4+ T"
"2252","Effector CD4+ T"
"2253","Naive CD4+ T"
"2254","Naive CD4+ T"
"2255","Naive CD4+ T"
"2256","NK"
"2257","NK"
"2258","Monocytes"
"2259","Naive CD4+ T"
"2260","Naive CD4+ T"
"2261","B"
"2262","Naive CD4+ T"
"2263","Effector CD4+ T"
"2264","Naive CD4+ T"
"2265","Naive CD4+ T"
"2266","Naive CD4+ T"
"2267","Effector CD4+ T"
"2268","Naive CD8+ T"
"2269","Naive CD8+ T"
"2270","Naive CD8+ T"
"2271","Effector CD4+ T"
"2272","Effector CD8+ T"
"2273","Effector CD4+ T"
"2274","Naive CD8+ T"
"2275","Naive CD4+ T"
"2276","Effector CD8+ T"
"2277","Naive CD8+ T"
"2278","NK"
"2279","Effector CD4+ T"
"2280","Naive CD4+ T"
"2281","Effector CD4+ T"
"2282","Effector CD4+ T"
"2283","Naive CD4+ T"
"2284","Naive CD4+ T"
"2285","Effector CD8+ T"
"2286","NK"
"2287","NK"
"2288","Naive CD8+ T"
"2289","Effector CD4+ T"
"2290","Naive CD4+ T"
"2291","Naive CD4+ T"
"2292","Monocytes"
"2293","B"
"2294","Naive CD8+ T"
"2295","Naive CD4+ T"
"2296","Monocytes"
"2297","Effector CD4+ T"
"2298","Effector CD4+ T"
"2299","Effector CD4+ T"
"2300","NK"
"2301","Naive CD8+ T"
"2302","NK"
"2303","Effector CD4+ T"
"2304","Naive CD8+ T"
"2305","Effector CD4+ T"
"2306","Naive CD4+ T"
"2307","Naive CD4+ T"
"2308","NK"
"2309","Naive CD4+ T"
"2310","Monocytes"
"2311","Naive CD4+ T"
"2312","Naive CD4+ T"
"2313","Naive CD8+ T"
"2314","Effector CD4+ T"
"2315","NK"
"2316","NK"
"2317","Effector CD4+ T"
"2318","B"
"2319","Naive CD8+ T"
"2320","Naive CD8+ T"
"2321","Naive CD4+ T"
"2322","Naive CD8+ T"
"2323","Effector CD4+ T"
"2324","Effector CD4+ T"
"2325","Naive CD4+ T"
"2326","Effector CD8+ T"
"2327","Effector CD8+ T"
"2328","NK"
"2329","Naive CD4+ T"
"2330","Naive CD8+ T"
"2331","Effector CD4+ T"
"2332","Naive CD8+ T"
"2333","Naive CD4+ T"
"2334","Effector CD4+ T"
"2335","NK"
"2336","B"
"2337","Naive CD4+ T"
"2338","Naive CD4+ T"
"2339","Effector CD4+ T"
"2340","Naive CD4+ T"
"2341","Naive CD8+ T"
"2342","Naive CD4+ T"
"2343","Effector CD8+ T"
"2344","Effector CD4+ T"
"2345","Effector CD8+ T"
"2346","Effector CD4+ T"
"2347","Naive CD4+ T"
"2348","Naive CD8+ T"
"2349","Naive CD8+ T"
"2350","Effector CD8+ T"
"2351","NK"
"2352","NK"
"2353","Effector CD4+ T"
"2354","Effector CD4+ T"
"2355","Effector CD8+ T"
"2356","Effector CD4+ T"
"2357","Naive CD4+ T"
"2358","Naive CD8+ T"
"2359","Effector CD4+ T"
"2360","Monocytes"
"2361","Effector CD8+ T"
"2362","NK"
"2363","Effector CD4+ T"
"2364","NK"
"2365","Naive CD4+ T"
"2366","Naive CD4+ T"
"2367","Effector CD4+ T"
"2368","Naive CD8+ T"
"2369","Naive CD4+ T"
"2370","Naive CD4+ T"
"2371","NK"
"2372","Monocytes"
"2373","Effector CD4+ T"
"2374","Effector CD4+ T"
"2375","NK"
"2376","NK"
"2377","Naive CD8+ T"
"2378","Naive CD4+ T"
"2379","Naive CD4+ T"
"2380","Naive CD4+ T"
"2381","B"
"2382","Effector CD4+ T"
"2383","NK"
"2384","Naive CD4+ T"
"2385","Naive CD8+ T"
"2386","Naive CD4+ T"
"2387","Effector CD4+ T"
"2388","B"
"2389","Naive CD8+ T"
"2390","Effector CD4+ T"
"2391","Effector CD8+ T"
"2392","NK"
"2393","Naive CD4+ T"
"2394","Naive CD4+ T"
"2395","Naive CD4+ T"
"2396","Naive CD4+ T"
"2397","Effector CD4+ T"
"2398","Effector CD4+ T"
"2399","NK"
"2400","Effector CD4+ T"
"2401","Naive CD8+ T"
"2402","Naive CD4+ T"
"2403","Naive CD4+ T"
"2404","B"
"2405","NK"
"2406","Effector CD4+ T"
"2407","Naive CD4+ T"
"2408","Naive CD8+ T"
"2409","B"
"2410","Naive CD4+ T"
"2411","Naive CD8+ T"
"2412","NK"
"2413","Effector CD4+ T"
"2414","Naive CD8+ T"
"2415","Naive CD8+ T"
"2416","NK"
"2417","Naive CD4+ T"
"2418","Naive CD4+ T"
"2419","Monocytes"
"2420","Naive CD4+ T"
"2421","Effector CD4+ T"
"2422","Naive CD4+ T"
"2423","NK"
"2424","Naive CD4+ T"
"2425","Effector CD4+ T"
"2426","Naive CD4+ T"
"2427","NK"
"2428","Effector CD8+ T"
"2429","Naive CD4+ T"
"2430","Naive CD8+ T"
"2431","Naive CD8+ T"
"2432","Effector CD4+ T"
"2433","Naive CD4+ T"
"2434","Naive CD8+ T"
"2435","Effector CD4+ T"
"2436","Naive CD4+ T"
"2437","Naive CD8+ T"
"2438","NK"
"2439","Naive CD4+ T"
"2440","Naive CD4+ T"
"2441","Effector CD8+ T"
"2442","Monocytes"
"2443","NK"
"2444","Effector CD4+ T"
"2445","Effector CD4+ T"
"2446","Effector CD8+ T"
"2447","Naive CD8+ T"
"2448","NK"
"2449","Naive CD8+ T"
"2450","Naive CD4+ T"
"2451","NK"
"2452","Naive CD8+ T"
"2453","Naive CD4+ T"
"2454","Effector CD4+ T"
"2455","NK"
"2456","Effector CD4+ T"
"2457","NK"
"2458","Effector CD4+ T"
"2459","Effector CD4+ T"
"2460","B"
"2461","Effector CD4+ T"
"2462","Effector CD4+ T"
"2463","Effector CD4+ T"
"2464","Naive CD4+ T"
"2465","NK"
"2466","Naive CD4+ T"
"2467","Effector CD4+ T"
"2468","Effector CD8+ T"
"2469","Effector CD4+ T"
"2470","Naive CD8+ T"
"2471","Naive CD4+ T"
"2472","Naive CD4+ T"
"2473","Naive CD8+ T"
"2474","Effector CD4+ T"
"2475","B"
"2476","Effector CD4+ T"
"2477","Effector CD4+ T"
"2478","Naive CD8+ T"
"2479","Monocytes"
"2480","Monocytes"
"2481","Effector CD4+ T"
"2482","NK"
"2483","Naive CD4+ T"
"2484","Naive CD4+ T"
"2485","Naive CD4+ T"
"2486","Effector CD4+ T"
"2487","Effector CD4+ T"
"2488","Naive CD4+ T"
"2489","NK"
"2490","Effector CD4+ T"
"2491","Naive CD4+ T"
"2492","Naive CD8+ T"
"2493","Naive CD4+ T"
"2494","Naive CD8+ T"
"2495","Naive CD4+ T"
"2496","Naive CD8+ T"
"2497","Naive CD8+ T"
"2498","Naive CD8+ T"
"2499","Naive CD4+ T"
"2500","Effector CD4+ T"
"2501","Effector CD8+ T"
"2502","Naive CD8+ T"
"2503","Naive CD4+ T"
"2504","Effector CD4+ T"
"2505","Naive CD4+ T"
"2506","NK"
"2507","B"
"2508","NK"
"2509","Monocytes"
"2510","Naive CD8+ T"
"2511","NK"
"2512","Effector CD4+ T"
"2513","Effector CD4+ T"
"2514","NK"
"2515","Naive CD4+ T"
"2516","Effector CD4+ T"
"2517","Naive CD8+ T"
"2518","Naive CD4+ T"
"2519","NK"
"2520","Naive CD4+ T"
"2521","Effector CD4+ T"
"2522","B"
"2523","Effector CD4+ T"
"2524","Naive CD8+ T"
"2525","Naive CD4+ T"
"2526","NK"
"2527","NK"
"2528","B"
"2529","Naive CD8+ T"
"2530","Naive CD8+ T"
"2531","Naive CD8+ T"
"2532","Naive CD4+ T"
"2533","Naive CD4+ T"
"2534","B"
"2535","Naive CD8+ T"
"2536","Naive CD8+ T"
"2537","Effector CD4+ T"
"2538","Naive CD4+ T"
"2539","Naive CD4+ T"
"2540","Naive CD8+ T"
"2541","Naive CD4+ T"
"2542","Monocytes"
"2543","Effector CD4+ T"
"2544","Naive CD4+ T"
"2545","Naive CD8+ T"
"2546","Naive CD4+ T"
"2547","NK"
"2548","Naive CD8+ T"
"2549","Effector CD4+ T"
"2550","Effector CD8+ T"
"2551","NK"
"2552","Naive CD8+ T"
"2553","Effector CD4+ T"
"2554","Effector CD8+ T"
"2555","Effector CD8+ T"
"2556","Naive CD4+ T"
"2557","Effector CD4+ T"
"2558","Naive CD8+ T"
"2559","Naive CD4+ T"
"2560","Naive CD4+ T"
"2561","NK"
"2562","Naive CD8+ T"
"2563","NK"
"2564","Naive CD4+ T"
"2565","Effector CD4+ T"
"2566","Effector CD8+ T"
"2567","Naive CD4+ T"
"2568","NK"
"2569","NK"
"2570","B"
"2571","Naive CD4+ T"
"2572","Effector CD4+ T"
"2573","Naive CD4+ T"
"2574","Effector CD4+ T"
"2575","B"
"2576","Naive CD4+ T"
"2577","Naive CD4+ T"
"2578","Naive CD4+ T"
"2579","Naive CD4+ T"
"2580","NK"
"2581","Effector CD4+ T"
"2582","Naive CD4+ T"
"2583","Naive CD4+ T"
"2584","Effector CD4+ T"
"2585","Effector CD4+ T"
"2586","Naive CD4+ T"
"2587","Naive CD4+ T"
"2588","Naive CD8+ T"
"2589","Naive CD8+ T"
"2590","Naive CD8+ T"
"2591","Naive CD4+ T"
"2592","Naive CD4+ T"
"2593","NK"
"2594","Naive CD4+ T"
"2595","Naive CD8+ T"
"2596","Effector CD4+ T"
"2597","NK"
"2598","NK"
"2599","Naive CD8+ T"
"2600","NK"
"2601","Effector CD4+ T"
"2602","NK"
"2603","NK"
"2604","NK"
"2605","Naive CD4+ T"
"2606","Naive CD4+ T"
"2607","Naive CD8+ T"
"2608","Effector CD8+ T"
"2609","Effector CD8+ T"
"2610","Effector CD4+ T"
"2611","Effector CD8+ T"
"2612","Effector CD4+ T"
"2613","Naive CD4+ T"
"2614","Naive CD8+ T"
"2615","Naive CD4+ T"
"2616","NK"
"2617","Naive CD4+ T"
"2618","Naive CD4+ T"
"2619","Naive CD8+ T"
"2620","Naive CD8+ T"
"2621","Effector CD8+ T"
"2622","Naive CD4+ T"
"2623","NK"
"2624","Effector CD4+ T"
"2625","Naive CD8+ T"
"2626","Naive CD8+ T"
"2627","Naive CD4+ T"
"2628","Effector CD4+ T"
"2629","Naive CD8+ T"
"2630","NK"
"2631","Naive CD4+ T"
"2632","Naive CD8+ T"
"2633","Effector CD4+ T"
"2634","NK"
"2635","Effector CD8+ T"
"2636","Monocytes"
"2637","Naive CD4+ T"
"2638","Effector CD8+ T"
"2639","Naive CD4+ T"
"2640","Naive CD4+ T"
"2641","NK"
"2642","Naive CD4+ T"
"2643","Naive CD4+ T"
"2644","Effector CD8+ T"
"2645","Effector CD8+ T"
"2646","Naive CD4+ T"
"2647","Naive CD8+ T"
"2648","Naive CD4+ T"
"2649","Naive CD4+ T"
"2650","Effector CD4+ T"
"2651","Naive CD4+ T"
"2652","Monocytes"
"2653","Naive CD4+ T"
"2654","Naive CD4+ T"
"2655","Effector CD8+ T"
"2656","Naive CD8+ T"
"2657","Effector CD4+ T"
"2658","Naive CD4+ T"
"2659","Naive CD4+ T"
"2660","Naive CD8+ T"
"2661","Naive CD4+ T"
"2662","Effector CD4+ T"
"2663","Effector CD4+ T"
"2664","Naive CD4+ T"
"2665","Naive CD4+ T"
"2666","Naive CD8+ T"
"2667","NK"
"2668","Effector CD4+ T"
"2669","Naive CD4+ T"
"2670","Naive CD4+ T"
"2671","Naive CD8+ T"
"2672","Naive CD4+ T"
"2673","Effector CD4+ T"
"2674","Naive CD8+ T"
"2675","NK"
"2676","Naive CD4+ T"
"2677","Effector CD4+ T"
"2678","Effector CD8+ T"
"2679","NK"
"2680","Naive CD8+ T"
"2681","Monocytes"
"2682","B"
"2683","Naive CD4+ T"
"2684","Naive CD4+ T"
"2685","Effector CD4+ T"
"2686","Naive CD4+ T"
"2687","Effector CD8+ T"
"2688","Effector CD8+ T"
"2689","NK"
"2690","Effector CD4+ T"
"2691","Effector CD4+ T"
"2692","Naive CD4+ T"
"2693","NK"
"2694","Naive CD4+ T"
"2695","Effector CD8+ T"
"2696","NK"
"2697","Naive CD4+ T"
"2698","Effector CD4+ T"
"2699","Naive CD4+ T"
"2700","Effector CD4+ T"
"2701","Effector CD4+ T"
"2702","Effector CD4+ T"
"2703","B"
"2704","Naive CD8+ T"
"2705","Effector CD8+ T"
"2706","NK"
"2707","NK"
"2708","Naive CD4+ T"
"2709","Naive CD4+ T"
"2710","NK"
"2711","Naive CD8+ T"
"2712","Naive CD8+ T"
"2713","Effector CD4+ T"
"2714","Naive CD8+ T"
"2715","Effector CD8+ T"
"2716","Naive CD4+ T"
"2717","Naive CD8+ T"
"2718","Effector CD4+ T"
"2719","Effector CD4+ T"
"2720","Naive CD4+ T"
"2721","Naive CD4+ T"
"2722","Naive CD8+ T"
"2723","Effector CD8+ T"
"2724","Naive CD4+ T"
"2725","Effector CD4+ T"
"2726","Naive CD8+ T"
"2727","Effector CD4+ T"
"2728","Effector CD8+ T"
"2729","Naive CD8+ T"
"2730","Naive CD4+ T"
"2731","Monocytes"
"2732","Effector CD4+ T"
"2733","NK"
"2734","Naive CD4+ T"
"2735","NK"
"2736","Effector CD4+ T"
"2737","Naive CD8+ T"
"2738","Naive CD4+ T"
"2739","Effector CD8+ T"
"2740","Naive CD4+ T"
"2741","Naive CD8+ T"
"2742","Naive CD4+ T"
"2743","Naive CD8+ T"
"2744","Effector CD4+ T"
"2745","Effector CD4+ T"
"2746","Naive CD4+ T"
"2747","NK"
"2748","Effector CD8+ T"
"2749","B"
"2750","B"
"2751","Effector CD4+ T"
"2752","Naive CD4+ T"
"2753","Naive CD4+ T"
"2754","Effector CD4+ T"
"2755","Effector CD4+ T"
"2756","Naive CD4+ T"
"2757","Monocytes"
"2758","Naive CD4+ T"
"2759","Effector CD4+ T"
"2760","NK"
"2761","Naive CD4+ T"
"2762","NK"
"2763","Effector CD4+ T"
"2764","Effector CD4+ T"
"2765","Effector CD4+ T"
"2766","NK"
"2767","Effector CD8+ T"
"2768","Naive CD4+ T"
"2769","B"
"2770","Naive CD4+ T"
"2771","Effector CD8+ T"
"2772","Naive CD4+ T"
"2773","Naive CD4+ T"
"2774","Naive CD8+ T"
"2775","Naive CD4+ T"
"2776","Effector CD4+ T"
"2777","Naive CD4+ T"
"2778","Effector CD8+ T"
"2779","Naive CD8+ T"
"2780","B"
"2781","Monocytes"
"2782","Effector CD4+ T"
"2783","Naive CD4+ T"
"2784","Naive CD4+ T"
"2785","Naive CD4+ T"
"2786","Effector CD4+ T"
"2787","Naive CD8+ T"
"2788","Effector CD8+ T"
"2789","Naive CD4+ T"
"2790","Effector CD4+ T"
"2791","Naive CD4+ T"
"2792","NK"
"2793","Effector CD4+ T"
"2794","Naive CD4+ T"
"2795","Naive CD4+ T"
"2796","NK"
"2797","Naive CD4+ T"
"2798","Effector CD4+ T"
"2799","Effector CD4+ T"
"2800","B"
"2801","Effector CD8+ T"
"2802","Naive CD4+ T"
"2803","Naive CD8+ T"
"2804","Effector CD4+ T"
"2805","Effector CD4+ T"
"2806","NK"
"2807","Naive CD8+ T"
"2808","Naive CD4+ T"
"2809","Monocytes"
"2810","Naive CD8+ T"
"2811","NK"
"2812","NK"
"2813","Naive CD4+ T"
"2814","Naive CD4+ T"
"2815","Effector CD4+ T"
"2816","Naive CD4+ T"
"2817","Effector CD8+ T"
"2818","Effector CD4+ T"
"2819","Naive CD8+ T"
"2820","Naive CD8+ T"
"2821","Naive CD8+ T"
"2822","Naive CD8+ T"
"2823","Effector CD8+ T"
"2824","Naive CD4+ T"
"2825","NK"
"2826","Naive CD4+ T"
"2827","Naive CD4+ T"
"2828","NK"
"2829","NK"
"2830","Naive CD4+ T"
"2831","Effector CD4+ T"
"2832","B"
"2833","Naive CD4+ T"
"2834","NK"
"2835","Naive CD8+ T"
"2836","Naive CD4+ T"
"2837","Naive CD4+ T"
"2838","B"
"2839","NK"
"2840","Naive CD4+ T"
"2841","Naive CD4+ T"
"2842","Naive CD8+ T"
"2843","Effector CD4+ T"
"2844","Effector CD4+ T"
"2845","B"
"2846","Naive CD8+ T"
"2847","NK"
"2848","Effector CD4+ T"
"2849","Monocytes"
"2850","Effector CD8+ T"
"2851","NK"
"2852","Naive CD8+ T"
"2853","Naive CD4+ T"
"2854","Effector CD4+ T"
"2855","Effector CD4+ T"
"2856","Naive CD4+ T"
"2857","Effector CD4+ T"
"2858","Naive CD4+ T"
"2859","Naive CD4+ T"
"2860","Naive CD4+ T"
"2861","Naive CD4+ T"
"2862","Naive CD8+ T"
"2863","Naive CD4+ T"
"2864","Naive CD4+ T"
"2865","Effector CD8+ T"
"2866","Naive CD4+ T"
"2867","Naive CD8+ T"
"2868","Naive CD8+ T"
"2869","Naive CD4+ T"
"2870","Naive CD4+ T"
"2871","Monocytes"
"2872","Naive CD4+ T"
"2873","Naive CD4+ T"
"2874","Effector CD4+ T"
"2875","NK"
"2876","Effector CD8+ T"
"2877","Naive CD4+ T"
"2878","Effector CD4+ T"
"2879","NK"
"2880","Effector CD8+ T"
"2881","Effector CD4+ T"
"2882","Effector CD4+ T"
"2883","Naive CD8+ T"
"2884","Effector CD4+ T"
"2885","Monocytes"
"2886","Naive CD8+ T"
"2887","Monocytes"
"2888","Naive CD4+ T"
"2889","Monocytes"
"2890","Naive CD4+ T"
"2891","Effector CD8+ T"
"2892","Naive CD4+ T"
"2893","NK"
"2894","NK"
"2895","Naive CD4+ T"
"2896","Effector CD4+ T"
"2897","Effector CD4+ T"
"2898","Effector CD4+ T"
"2899","Naive CD4+ T"
"2900","Naive CD4+ T"
"2901","Naive CD4+ T"
"2902","NK"
"2903","Naive CD4+ T"
"2904","Monocytes"
"2905","Naive CD4+ T"
"2906","Effector CD4+ T"
"2907","Naive CD4+ T"
"2908","Naive CD8+ T"
"2909","Effector CD4+ T"
"2910","Effector CD4+ T"
"2911","Naive CD8+ T"
"2912","Naive CD4+ T"
"2913","NK"
"2914","Naive CD8+ T"
"2915","Naive CD4+ T"
"2916","Naive CD4+ T"
"2917","NK"
"2918","Naive CD4+ T"
"2919","Naive CD8+ T"
"2920","Effector CD4+ T"
"2921","Naive CD4+ T"
"2922","Naive CD4+ T"
"2923","Effector CD4+ T"
"2924","Effector CD4+ T"
"2925","NK"
"2926","Effector CD4+ T"
"2927","Effector CD4+ T"
"2928","Naive CD8+ T"
"2929","Effector CD8+ T"
"2930","Effector CD8+ T"
"2931","NK"
"2932","Naive CD4+ T"
"2933","Effector CD4+ T"
"2934","NK"
"2935","Effector CD4+ T"
"2936","NK"
"2937","Naive CD8+ T"
"2938","Effector CD4+ T"
"2939","Effector CD8+ T"
"2940","Effector CD4+ T"
"2941","NK"
"2942","Naive CD4+ T"
"2943","NK"
"2944","NK"
"2945","Naive CD4+ T"
"2946","Effector CD4+ T"
"2947","Naive CD4+ T"
"2948","Effector CD4+ T"
"2949","Naive CD4+ T"
"2950","Naive CD8+ T"
"2951","Effector CD4+ T"
"2952","Effector CD8+ T"
"2953","Naive CD4+ T"
"2954","Naive CD4+ T"
"2955","B"
"2956","Naive CD4+ T"
"2957","Effector CD4+ T"
"2958","Naive CD4+ T"
"2959","Naive CD4+ T"
"2960","Naive CD4+ T"
"2961","Monocytes"
"2962","Effector CD4+ T"
"2963","Naive CD4+ T"
"2964","Naive CD8+ T"
"2965","NK"
"2966","Effector CD8+ T"
"2967","NK"
"2968","Effector CD4+ T"
"2969","Naive CD4+ T"
"2970","Effector CD4+ T"
"2971","B"
"2972","Naive CD4+ T"
"2973","Naive CD4+ T"
"2974","Naive CD4+ T"
"2975","Naive CD4+ T"
"2976","Effector CD8+ T"
"2977","Naive CD4+ T"
"2978","Effector CD4+ T"
"2979","NK"
"2980","Effector CD4+ T"
"2981","Effector CD8+ T"
"2982","Effector CD4+ T"
"2983","Effector CD4+ T"
"2984","Naive CD4+ T"
"2985","Naive CD8+ T"
"2986","Naive CD4+ T"
"2987","Naive CD8+ T"
"2988","Naive CD8+ T"
"2989","Naive CD4+ T"
"2990","Effector CD4+ T"
"2991","Naive CD8+ T"
"2992","Effector CD4+ T"
"2993","B"
"2994","NK"
"2995","Naive CD4+ T"
"2996","Effector CD4+ T"
"2997","NK"
"2998","Monocytes"
"2999","Monocytes"
"3000","B"
"3001","NK"
"3002","Effector CD8+ T"
"3003","NK"
"3004","Effector CD4+ T"
"3005","Effector CD4+ T"
"3006","Naive CD4+ T"
"3007","B"
"3008","NK"
"3009","B"
"3010","Naive CD4+ T"
"3011","Monocytes"
"3012","Naive CD4+ T"
"3013","Effector CD8+ T"
"3014","Effector CD4+ T"
"3015","Naive CD4+ T"
"3016","Naive CD4+ T"
"3017","Effector CD8+ T"
"3018","Naive CD8+ T"
"3019","Naive CD4+ T"
"3020","Effector CD4+ T"
"3021","Naive CD4+ T"
"3022","Naive CD4+ T"
"3023","Effector CD8+ T"
"3024","Naive CD4+ T"
"3025","Naive CD4+ T"
"3026","Naive CD4+ T"
"3027","Naive CD4+ T"
"3028","NK"
"3029","Naive CD4+ T"
"3030","Effector CD4+ T"
"3031","Effector CD8+ T"
"3032","Naive CD4+ T"
"3033","Naive CD4+ T"
"3034","NK"
"3035","Naive CD4+ T"
"3036","Naive CD4+ T"
"3037","Naive CD4+ T"
"3038","Effector CD4+ T"
"3039","NK"
"3040","Naive CD4+ T"
"3041","Naive CD4+ T"
"3042","Naive CD8+ T"
"3043","Monocytes"
"3044","B"
"3045","B"
"3046","Effector CD4+ T"
"3047","Effector CD4+ T"
"3048","Naive CD8+ T"
"3049","Naive CD8+ T"
"3050","NK"
"3051","Naive CD4+ T"
"3052","Naive CD4+ T"
"3053","NK"
"3054","Naive CD4+ T"
"3055","Naive CD4+ T"
"3056","Naive CD4+ T"
"3057","Naive CD4+ T"
"3058","Naive CD4+ T"
"3059","NK"
"3060","Naive CD4+ T"
"3061","Naive CD4+ T"
"3062","Effector CD8+ T"
"3063","Naive CD8+ T"
"3064","Naive CD8+ T"
"3065","Naive CD4+ T"
"3066","Effector CD4+ T"
"3067","Effector CD4+ T"
"3068","Naive CD4+ T"
"3069","Naive CD8+ T"
"3070","NK"
"3071","Naive CD4+ T"
"3072","Naive CD4+ T"
"3073","Naive CD4+ T"
"3074","B"
"3075","Effector CD4+ T"
"3076","Naive CD8+ T"
"3077","Effector CD4+ T"
"3078","Naive CD4+ T"
"3079","Effector CD4+ T"
"3080","B"
"3081","Naive CD4+ T"
"3082","Monocytes"
"3083","Naive CD4+ T"
"3084","Naive CD4+ T"
"3085","Effector CD4+ T"
"3086","Naive CD4+ T"
"3087","Naive CD8+ T"
"3088","Naive CD4+ T"
"3089","B"
"3090","Naive CD4+ T"
"3091","Naive CD8+ T"
"3092","Naive CD8+ T"
"3093","Naive CD4+ T"
"3094","Monocytes"
"3095","Effector CD4+ T"
"3096","Naive CD4+ T"
"3097","Naive CD4+ T"
"3098","Effector CD4+ T"
"3099","Naive CD4+ T"
"3100","Effector CD8+ T"
"3101","Naive CD4+ T"
"3102","Naive CD4+ T"
"3103","NK"
"3104","Naive CD8+ T"
"3105","Naive CD4+ T"
"3106","Naive CD4+ T"
"3107","Effector CD4+ T"
"3108","Naive CD4+ T"
"3109","B"
"3110","Effector CD8+ T"
"3111","Naive CD4+ T"
"3112","Effector CD8+ T"
"3113","Naive CD4+ T"
"3114","NK"
"3115","Effector CD4+ T"
"3116","Monocytes"
"3117","Naive CD8+ T"
"3118","Naive CD4+ T"
"3119","Naive CD4+ T"
"3120","Naive CD4+ T"
"3121","Naive CD4+ T"
"3122","NK"
"3123","Naive CD4+ T"
"3124","NK"
"3125","Naive CD8+ T"
"3126","NK"
"3127","Effector CD4+ T"
"3128","Naive CD8+ T"
"3129","B"
"3130","Monocytes"
"3131","NK"
"3132","Naive CD8+ T"
"3133","Naive CD4+ T"
"3134","Naive CD8+ T"
"3135","NK"
"3136","Monocytes"
"3137","Naive CD8+ T"
"3138","Naive CD8+ T"
"3139","Naive CD4+ T"
"3140","Naive CD4+ T"
"3141","Effector CD8+ T"
"3142","Naive CD4+ T"
"3143","Naive CD4+ T"
"3144","Naive CD4+ T"
"3145","Naive CD8+ T"
"3146","Monocytes"
"3147","Naive CD4+ T"
"3148","Effector CD4+ T"
"3149","Naive CD8+ T"
"3150","Effector CD8+ T"
"3151","Naive CD8+ T"
"3152","Monocytes"
"3153","NK"
"3154","Effector CD8+ T"
"3155","Effector CD4+ T"
"3156","Naive CD4+ T"
"3157","Effector CD4+ T"
"3158","Naive CD4+ T"
"3159","NK"
"3160","Naive CD4+ T"
"3161","Naive CD8+ T"
"3162","Effector CD4+ T"
"3163","Effector CD4+ T"
"3164","Naive CD8+ T"
"3165","Naive CD8+ T"
"3166","Naive CD8+ T"
"3167","Naive CD8+ T"
"3168","Naive CD4+ T"
"3169","Naive CD4+ T"
"3170","Naive CD4+ T"
"3171","Monocytes"
"3172","Effector CD4+ T"
"3173","Effector CD4+ T"
"3174","Naive CD4+ T"
"3175","Effector CD4+ T"
"3176","Naive CD4+ T"
"3177","Naive CD4+ T"
"3178","Naive CD8+ T"
"3179","Monocytes"
"3180","Effector CD8+ T"
"3181","Naive CD4+ T"
"3182","Naive CD4+ T"
"3183","Effector CD4+ T"
"3184","Naive CD4+ T"
"3185","Naive CD4+ T"
"3186","Effector CD4+ T"
"3187","Monocytes"
"3188","Naive CD4+ T"
"3189","Naive CD8+ T"
"3190","Effector CD4+ T"
"3191","Naive CD4+ T"
"3192","Naive CD8+ T"
"3193","Naive CD4+ T"
"3194","Naive CD8+ T"
"3195","Effector CD4+ T"
"3196","Effector CD4+ T"
"3197","Naive CD8+ T"
"3198","Effector CD4+ T"
"3199","Naive CD8+ T"
"3200","NK"
"3201","Effector CD4+ T"
"3202","Naive CD4+ T"
"3203","Naive CD8+ T"
"3204","Effector CD4+ T"
"3205","Naive CD4+ T"
"3206","Effector CD4+ T"
"3207","NK"
"3208","Effector CD8+ T"
"3209","Effector CD4+ T"
"3210","Naive CD8+ T"
"3211","NK"
"3212","NK"
"3213","Effector CD4+ T"
"3214","Naive CD4+ T"
"3215","Effector CD4+ T"
"3216","Naive CD4+ T"
"3217","NK"
"3218","Naive CD8+ T"
"3219","Naive CD4+ T"
"3220","Effector CD4+ T"
"3221","NK"
"3222","Naive CD4+ T"
"3223","Naive CD4+ T"
"3224","NK"
"3225","Naive CD8+ T"
"3226","Effector CD4+ T"
"3227","Naive CD8+ T"
"3228","Naive CD4+ T"
"3229","Naive CD4+ T"
"3230","Naive CD8+ T"
"3231","Effector CD4+ T"
"3232","Monocytes"
"3233","Naive CD4+ T"
"3234","Naive CD4+ T"
"3235","Effector CD8+ T"
"3236","Naive CD4+ T"
"3237","Naive CD4+ T"
"3238","Naive CD8+ T"
"3239","Naive CD4+ T"
"3240","Effector CD8+ T"
"3241","Naive CD4+ T"
"3242","B"
"3243","Effector CD4+ T"
"3244","Naive CD8+ T"
"3245","Naive CD4+ T"
"3246","Naive CD8+ T"
"3247","Effector CD4+ T"
"3248","Naive CD4+ T"
"3249","Effector CD4+ T"
"3250","Effector CD4+ T"
"3251","Naive CD4+ T"
"3252","Effector CD4+ T"
"3253","Naive CD4+ T"
"3254","Effector CD8+ T"
"3255","Naive CD4+ T"
"3256","Naive CD8+ T"
"3257","Naive CD4+ T"
"3258","Effector CD8+ T"
"3259","Effector CD4+ T"
"3260","Naive CD8+ T"
"3261","Naive CD8+ T"
"3262","Effector CD4+ T"
"3263","Effector CD8+ T"
"3264","Naive CD8+ T"
"3265","Naive CD8+ T"
"3266","Naive CD4+ T"
"3267","Naive CD4+ T"
"3268","Naive CD8+ T"
"3269","Effector CD4+ T"
"3270","Effector CD8+ T"
"3271","NK"
"3272","Effector CD4+ T"
"3273","Naive CD8+ T"
"3274","Effector CD4+ T"
"3275","Naive CD4+ T"
"3276","Naive CD4+ T"
"3277","Naive CD4+ T"
"3278","Naive CD8+ T"
"3279","NK"
"3280","Effector CD8+ T"
"3281","NK"
"3282","NK"
"3283","Monocytes"
"3284","B"
"3285","Effector CD4+ T"
"3286","Monocytes"
"3287","Naive CD8+ T"
"3288","Effector CD4+ T"
"3289","Effector CD8+ T"
"3290","Naive CD4+ T"
"3291","Naive CD8+ T"
"3292","Monocytes"
"3293","NK"
"3294","Naive CD4+ T"
"3295","NK"
"3296","Effector CD4+ T"
"3297","Effector CD8+ T"
"3298","Effector CD8+ T"
"3299","NK"
"3300","Naive CD4+ T"
"3301","Monocytes"
"3302","Effector CD8+ T"
"3303","Naive CD4+ T"
"3304","Naive CD8+ T"
"3305","Naive CD4+ T"
"3306","Naive CD4+ T"
"3307","Effector CD4+ T"
"3308","B"
"3309","Naive CD4+ T"
"3310","NK"
"3311","B"
"3312","Effector CD4+ T"
"3313","NK"
"3314","Effector CD4+ T"
"3315","Naive CD4+ T"
"3316","NK"
"3317","NK"
"3318","Effector CD4+ T"
"3319","Effector CD4+ T"
"3320","Naive CD4+ T"
"3321","Effector CD4+ T"
"3322","Effector CD4+ T"
"3323","Effector CD4+ T"
"3324","Effector CD8+ T"
"3325","Naive CD4+ T"
"3326","Effector CD4+ T"
"3327","Effector CD4+ T"
"3328","Naive CD4+ T"
"3329","Effector CD4+ T"
"3330","Naive CD4+ T"
"3331","Monocytes"
"3332","Effector CD8+ T"
"3333","B"
"3334","Effector CD8+ T"
"3335","Naive CD4+ T"
"3336","NK"
"3337","Effector CD8+ T"
"3338","B"
"3339","NK"
"3340","Naive CD4+ T"
"3341","B"
"3342","Effector CD4+ T"
"3343","Naive CD4+ T"
"3344","Naive CD4+ T"
"3345","Naive CD8+ T"
"3346","B"
"3347","Effector CD4+ T"
"3348","B"
"3349","Effector CD4+ T"
"3350","B"
"3351","Effector CD4+ T"
"3352","Effector CD4+ T"
"3353","Effector CD4+ T"
"3354","Effector CD4+ T"
"3355","Effector CD4+ T"
"3356","Effector CD4+ T"
"3357","Naive CD8+ T"
"3358","Naive CD8+ T"
"3359","NK"
"3360","Naive CD4+ T"
"3361","Effector CD4+ T"
"3362","NK"
"3363","Monocytes"
"3364","Naive CD4+ T"
"3365","Naive CD8+ T"
"3366","Naive CD8+ T"
"3367","Naive CD8+ T"
"3368","NK"
"3369","Naive CD4+ T"
"3370","B"
"3371","NK"
"3372","NK"
"3373","Effector CD4+ T"
"3374","Effector CD4+ T"
"3375","Effector CD4+ T"
"3376","Naive CD8+ T"
"3377","Naive CD4+ T"
"3378","NK"
"3379","Naive CD4+ T"
"3380","Effector CD4+ T"
"3381","Naive CD8+ T"
"3382","Naive CD4+ T"
"3383","Naive CD8+ T"
"3384","Effector CD4+ T"
"3385","Effector CD4+ T"
"3386","Naive CD4+ T"
"3387","Naive CD4+ T"
"3388","B"
"3389","Naive CD4+ T"
"3390","Effector CD4+ T"
"3391","B"
"3392","Naive CD4+ T"
"3393","Monocytes"
"3394","NK"
"3395","Effector CD4+ T"
"3396","Effector CD8+ T"
"3397","Naive CD8+ T"
"3398","B"
"3399","B"
"3400","Effector CD4+ T"
"3401","Naive CD4+ T"
"3402","Naive CD4+ T"
"3403","NK"
"3404","Effector CD4+ T"
"3405","Naive CD4+ T"
"3406","Naive CD4+ T"
"3407","Naive CD8+ T"
"3408","NK"
"3409","Effector CD4+ T"
"3410","Naive CD4+ T"
"3411","Effector CD4+ T"
"3412","Effector CD4+ T"
"3413","Effector CD4+ T"
"3414","Naive CD4+ T"
"3415","B"
"3416","Naive CD8+ T"
"3417","Effector CD8+ T"
"3418","Naive CD4+ T"
"3419","Effector CD4+ T"
"3420","Naive CD4+ T"
"3421","Effector CD4+ T"
"3422","Naive CD4+ T"
"3423","Naive CD4+ T"
"3424","Naive CD4+ T"
"3425","Effector CD4+ T"
"3426","Naive CD4+ T"
"3427","Effector CD4+ T"
"3428","Naive CD4+ T"
"3429","Effector CD4+ T"
"3430","Naive CD4+ T"
"3431","Effector CD4+ T"
"3432","Effector CD8+ T"
"3433","Effector CD4+ T"
"3434","Naive CD4+ T"
"3435","Naive CD4+ T"
"3436","Naive CD4+ T"
"3437","Naive CD4+ T"
"3438","NK"
"3439","Naive CD4+ T"
"3440","NK"
"3441","Naive CD4+ T"
"3442","Effector CD4+ T"
"3443","Naive CD8+ T"
"3444","Effector CD4+ T"
"3445","Effector CD4+ T"
"3446","Naive CD4+ T"
"3447","Naive CD8+ T"
"3448","Effector CD4+ T"
"3449","Naive CD4+ T"
"3450","Naive CD8+ T"
"3451","NK"
"3452","Naive CD4+ T"
"3453","Naive CD8+ T"
"3454","Naive CD4+ T"
"3455","Naive CD4+ T"
"3456","Naive CD4+ T"
"3457","Naive CD4+ T"
"3458","B"
"3459","Effector CD8+ T"
"3460","Effector CD8+ T"
"3461","Effector CD4+ T"
"3462","Naive CD4+ T"
"3463","Naive CD4+ T"
"3464","Naive CD8+ T"
"3465","NK"
"3466","NK"
"3467","Naive CD4+ T"
"3468","Effector CD4+ T"
"3469","Monocytes"
"3470","Naive CD4+ T"
"3471","Effector CD4+ T"
"3472","Effector CD4+ T"
"3473","Effector CD4+ T"
"3474","Naive CD4+ T"
"3475","Effector CD4+ T"
"3476","Effector CD4+ T"
"3477","Monocytes"
"3478","Effector CD4+ T"
"3479","Naive CD4+ T"
"3480","Naive CD4+ T"
"3481","Naive CD4+ T"
"3482","Naive CD4+ T"
"3483","NK"
"3484","Naive CD4+ T"
"3485","Effector CD4+ T"
"3486","Naive CD4+ T"
"3487","NK"
"3488","Naive CD8+ T"
"3489","Naive CD4+ T"
"3490","NK"
"3491","Effector CD4+ T"
"3492","B"
"3493","Effector CD4+ T"
"3494","Effector CD4+ T"
"3495","Naive CD4+ T"
"3496","NK"
"3497","Naive CD4+ T"
"3498","Naive CD4+ T"
"3499","Naive CD4+ T"
"3500","Naive CD4+ T"
"3501","B"
"3502","Naive CD4+ T"
"3503","Naive CD8+ T"
"3504","Effector CD4+ T"
"3505","Naive CD8+ T"
"3506","Effector CD4+ T"
"3507","Effector CD8+ T"
"3508","Naive CD8+ T"
"3509","B"
"3510","Naive CD8+ T"
"3511","Effector CD4+ T"
"3512","Naive CD4+ T"
"3513","Naive CD4+ T"
"3514","Naive CD4+ T"
"3515","Naive CD4+ T"
"3516","Naive CD4+ T"
"3517","Naive CD4+ T"
"3518","Effector CD4+ T"
"3519","Effector CD4+ T"
"3520","Effector CD4+ T"
"3521","NK"
"3522","Effector CD4+ T"
"3523","Naive CD8+ T"
"3524","B"
"3525","Naive CD4+ T"
"3526","B"
"3527","NK"
"3528","Naive CD4+ T"
"3529","Effector CD4+ T"
"3530","NK"
"3531","Effector CD8+ T"
"3532","Effector CD4+ T"
"3533","Naive CD8+ T"
"3534","NK"
"3535","NK"
"3536","Naive CD4+ T"
"3537","Naive CD8+ T"
"3538","NK"
"3539","Naive CD4+ T"
"3540","Naive CD4+ T"
"3541","Naive CD4+ T"
"3542","Naive CD4+ T"
"3543","B"
"3544","Effector CD8+ T"
"3545","Naive CD4+ T"
"3546","NK"
"3547","Effector CD4+ T"
"3548","Naive CD4+ T"
"3549","NK"
"3550","Naive CD8+ T"
"3551","Naive CD4+ T"
"3552","Naive CD4+ T"
"3553","NK"
"3554","Naive CD4+ T"
"3555","NK"
"3556","Effector CD4+ T"
"3557","B"
"3558","Naive CD4+ T"
"3559","Naive CD8+ T"
"3560","Effector CD8+ T"
"3561","Naive CD8+ T"
"3562","Effector CD4+ T"
"3563","Naive CD8+ T"
"3564","Naive CD8+ T"
"3565","Naive CD8+ T"
"3566","Effector CD8+ T"
"3567","Naive CD4+ T"
"3568","Effector CD8+ T"
"3569","Naive CD8+ T"
"3570","NK"
"3571","Effector CD4+ T"
"3572","Naive CD4+ T"
"3573","Effector CD4+ T"
"3574","Naive CD4+ T"
"3575","Effector CD4+ T"
"3576","Naive CD4+ T"
"3577","Naive CD4+ T"
"3578","Naive CD8+ T"
"3579","Effector CD8+ T"
"3580","NK"
"3581","Naive CD8+ T"
"3582","Effector CD4+ T"
"3583","Effector CD8+ T"
"3584","Naive CD8+ T"
"3585","Effector CD4+ T"
"3586","Naive CD4+ T"
"3587","Effector CD8+ T"
"3588","Effector CD4+ T"
"3589","Naive CD4+ T"
"3590","Effector CD4+ T"
"3591","Naive CD4+ T"
"3592","Naive CD4+ T"
"3593","Naive CD8+ T"
"3594","Effector CD4+ T"
"3595","B"
"3596","Effector CD4+ T"
"3597","NK"
"3598","Effector CD4+ T"
"3599","Effector CD4+ T"
"3600","Effector CD4+ T"
"3601","Effector CD4+ T"
"3602","B"
"3603","Effector CD4+ T"
"3604","Monocytes"
"3605","Naive CD4+ T"
"3606","NK"
"3607","Effector CD8+ T"
"3608","Effector CD4+ T"
"3609","Naive CD4+ T"
"3610","Effector CD4+ T"
"3611","NK"
"3612","Naive CD8+ T"
"3613","Naive CD8+ T"
"3614","Naive CD4+ T"
"3615","Effector CD4+ T"
"3616","Effector CD4+ T"
"3617","Naive CD4+ T"
"3618","Effector CD4+ T"
"3619","NK"
"3620","Effector CD4+ T"
"3621","Effector CD4+ T"
"3622","NK"
"3623","Naive CD4+ T"
"3624","Naive CD4+ T"
"3625","Naive CD4+ T"
"3626","Naive CD4+ T"
"3627","Effector CD8+ T"
"3628","Naive CD8+ T"
"3629","Effector CD8+ T"
"3630","Effector CD4+ T"
"3631","Effector CD4+ T"
"3632","Effector CD4+ T"
"3633","NK"
"3634","Naive CD4+ T"
"3635","B"
"3636","Naive CD8+ T"
"3637","Effector CD4+ T"
"3638","Naive CD4+ T"
"3639","Naive CD8+ T"
"3640","Effector CD4+ T"
"3641","Naive CD4+ T"
"3642","Naive CD4+ T"
"3643","Naive CD4+ T"
"3644","NK"
"3645","Effector CD4+ T"
"3646","Effector CD4+ T"
"3647","NK"
"3648","Effector CD4+ T"
"3649","Effector CD4+ T"
"3650","NK"
"3651","Naive CD4+ T"
"3652","Naive CD4+ T"
"3653","Naive CD8+ T"
"3654","Effector CD4+ T"
"3655","Effector CD4+ T"
"3656","Effector CD4+ T"
"3657","Naive CD8+ T"
"3658","Naive CD4+ T"
"3659","Naive CD4+ T"
"3660","B"
"3661","Naive CD8+ T"
"3662","Naive CD8+ T"
"3663","Naive CD8+ T"
"3664","Naive CD8+ T"
"3665","B"
"3666","Naive CD4+ T"
"3667","B"
"3668","Naive CD4+ T"
"3669","Naive CD8+ T"
"3670","Naive CD4+ T"
"3671","NK"
"3672","Naive CD8+ T"
"3673","B"
"3674","Effector CD4+ T"
"3675","NK"
"3676","NK"
"3677","NK"
"3678","Naive CD4+ T"
"3679","Naive CD4+ T"
"3680","NK"
"3681","Effector CD4+ T"
"3682","Naive CD8+ T"
"3683","Effector CD4+ T"
"3684","NK"
"3685","Monocytes"
"3686","Effector CD4+ T"
"3687","Naive CD8+ T"
"3688","B"
"3689","Effector CD8+ T"
"3690","Monocytes"
"3691","Effector CD8+ T"
"3692","Naive CD4+ T"
"3693","NK"
"3694","Naive CD8+ T"
"3695","NK"
"3696","Naive CD4+ T"
"3697","Effector CD4+ T"
"3698","Naive CD4+ T"
"3699","B"
"3700","NK"
"3701","Naive CD4+ T"
"3702","Effector CD4+ T"
"3703","Naive CD8+ T"
"3704","Naive CD8+ T"
"3705","B"
"3706","Effector CD4+ T"
"3707","Naive CD4+ T"
"3708","Effector CD8+ T"
"3709","NK"
"3710","Effector CD4+ T"
"3711","Naive CD4+ T"
"3712","Naive CD8+ T"
"3713","Effector CD4+ T"
"3714","Naive CD4+ T"
"3715","NK"
"3716","Effector CD4+ T"
"3717","Naive CD4+ T"
"3718","NK"
"3719","Naive CD4+ T"
"3720","Naive CD4+ T"
"3721","Naive CD4+ T"
"3722","Naive CD8+ T"
"3723","Effector CD4+ T"
"3724","NK"
"3725","Effector CD4+ T"
"3726","Effector CD4+ T"
"3727","Monocytes"
"3728","NK"
"3729","Effector CD8+ T"
"3730","Naive CD4+ T"
"3731","Monocytes"
"3732","Effector CD4+ T"
"3733","Naive CD4+ T"
"3734","Monocytes"
"3735","B"
"3736","NK"
"3737","Effector CD4+ T"
"3738","Naive CD4+ T"
"3739","Effector CD4+ T"
"3740","NK"
"3741","Naive CD8+ T"
"3742","Naive CD8+ T"
"3743","B"
"3744","B"
"3745","B"
"3746","Naive CD4+ T"
"3747","Effector CD8+ T"
"3748","Monocytes"
"3749","Effector CD4+ T"
"3750","NK"
"3751","Effector CD4+ T"
"3752","NK"
"3753","Naive CD8+ T"
"3754","Naive CD4+ T"
"3755","B"
"3756","NK"
"3757","Naive CD4+ T"
"3758","Effector CD4+ T"
"3759","Monocytes"
"3760","Effector CD4+ T"
"3761","Effector CD4+ T"
"3762","NK"
"3763","Naive CD4+ T"
"3764","Effector CD4+ T"
"3765","Naive CD4+ T"
"3766","Naive CD8+ T"
"3767","Naive CD4+ T"
"3768","Naive CD8+ T"
"3769","Effector CD8+ T"
"3770","Effector CD4+ T"
"3771","Naive CD4+ T"
"3772","NK"
"3773","Effector CD4+ T"
"3774","Naive CD4+ T"
"3775","Naive CD4+ T"
"3776","B"
"3777","Naive CD4+ T"
"3778","Naive CD4+ T"
"3779","Effector CD4+ T"
"3780","Naive CD4+ T"
"3781","Naive CD8+ T"
"3782","Naive CD4+ T"
"3783","NK"
"3784","Naive CD4+ T"
"3785","Effector CD4+ T"
"3786","Naive CD4+ T"
"3787","Naive CD8+ T"
"3788","Effector CD4+ T"
"3789","NK"
"3790","Naive CD4+ T"
"3791","NK"
"3792","Naive CD4+ T"
"3793","Effector CD4+ T"
"3794","Naive CD8+ T"
"3795","Naive CD4+ T"
"3796","Naive CD4+ T"
"3797","Naive CD8+ T"
"3798","Naive CD4+ T"
"3799","NK"
"3800","NK"
"3801","Effector CD4+ T"
"3802","Effector CD8+ T"
"3803","Effector CD8+ T"
"3804","Effector CD4+ T"
"3805","Naive CD4+ T"
"3806","NK"
"3807","Naive CD4+ T"
"3808","NK"
"3809","Effector CD4+ T"
"3810","Naive CD4+ T"
"3811","Effector CD4+ T"
"3812","Naive CD4+ T"
"3813","Naive CD4+ T"
"3814","Naive CD8+ T"
"3815","Effector CD4+ T"
"3816","Naive CD4+ T"
"3817","Effector CD4+ T"
"3818","Naive CD4+ T"
"3819","Naive CD8+ T"
"3820","Naive CD4+ T"
"3821","Effector CD4+ T"
"3822","NK"
"3823","Naive CD4+ T"
"3824","Naive CD8+ T"
"3825","Effector CD4+ T"
"3826","Effector CD4+ T"
"3827","Naive CD8+ T"
"3828","NK"
"3829","Naive CD8+ T"
"3830","Naive CD8+ T"
"3831","Naive CD4+ T"
"3832","Naive CD8+ T"
"3833","Effector CD4+ T"
"3834","Naive CD4+ T"
"3835","B"
"3836","Naive CD8+ T"
"3837","Naive CD4+ T"
"3838","Naive CD4+ T"
"3839","NK"
"3840","Effector CD8+ T"
"3841","NK"
"3842","Effector CD4+ T"
"3843","B"
"3844","NK"
"3845","Naive CD4+ T"
"3846","Effector CD4+ T"
"3847","NK"
"3848","Effector CD4+ T"
"3849","Naive CD4+ T"
"3850","Effector CD8+ T"
"3851","B"
"3852","Naive CD4+ T"
"3853","Naive CD4+ T"
"3854","Effector CD4+ T"
"3855","Naive CD4+ T"
"3856","Effector CD4+ T"
"3857","B"
"3858","Naive CD4+ T"
"3859","Naive CD4+ T"
"3860","Naive CD4+ T"
"3861","Naive CD4+ T"
"3862","Monocytes"
"3863","Effector CD4+ T"
"3864","Naive CD8+ T"
"3865","Naive CD4+ T"
"3866","Effector CD4+ T"
"3867","Effector CD4+ T"
"3868","Effector CD4+ T"
"3869","Effector CD4+ T"
"3870","Effector CD4+ T"
"3871","Effector CD4+ T"
"3872","Effector CD4+ T"
"3873","NK"
"3874","Naive CD8+ T"
"3875","NK"
"3876","Effector CD4+ T"
"3877","NK"
"3878","Naive CD8+ T"
"3879","Monocytes"
"3880","Effector CD4+ T"
"3881","Effector CD4+ T"
"3882","Naive CD8+ T"
"3883","Naive CD8+ T"
"3884","Effector CD4+ T"
"3885","NK"
"3886","Effector CD4+ T"
"3887","Effector CD8+ T"
"3888","Naive CD4+ T"
"3889","B"
"3890","Monocytes"
"3891","Naive CD4+ T"
"3892","Effector CD4+ T"
"3893","B"
"3894","NK"
"3895","Naive CD8+ T"
"3896","Effector CD4+ T"
"3897","Naive CD4+ T"
"3898","NK"
"3899","Naive CD4+ T"
"3900","NK"
"3901","Effector CD4+ T"
"3902","NK"
"3903","NK"
"3904","Naive CD8+ T"
"3905","Effector CD4+ T"
"3906","NK"
"3907","Naive CD4+ T"
"3908","Naive CD4+ T"
"3909","Effector CD8+ T"
"3910","NK"
"3911","NK"
"3912","Naive CD4+ T"
"3913","Naive CD4+ T"
"3914","B"
"3915","Naive CD4+ T"
"3916","NK"
"3917","Effector CD4+ T"
"3918","NK"
"3919","NK"
"3920","Naive CD4+ T"
"3921","Effector CD8+ T"
"3922","Effector CD4+ T"
"3923","NK"
"3924","Effector CD4+ T"
"3925","Naive CD8+ T"
"3926","Effector CD4+ T"
"3927","Effector CD8+ T"
"3928","Effector CD4+ T"
"3929","Naive CD8+ T"
"3930","Effector CD8+ T"
"3931","B"
"3932","Naive CD4+ T"
"3933","Naive CD4+ T"
"3934","Monocytes"
"3935","Effector CD4+ T"
"3936","NK"
"3937","Naive CD4+ T"
"3938","NK"
"3939","Naive CD4+ T"
"3940","Naive CD4+ T"
"3941","Naive CD8+ T"
"3942","Naive CD4+ T"
"3943","Naive CD4+ T"
"3944","Effector CD8+ T"
"3945","Naive CD8+ T"
"3946","Naive CD4+ T"
"3947","Naive CD8+ T"
"3948","Naive CD4+ T"
"3949","Effector CD4+ T"
"3950","Naive CD4+ T"
"3951","Effector CD4+ T"
"3952","NK"
"3953","Naive CD4+ T"
"3954","Effector CD8+ T"
"3955","Effector CD4+ T"
"3956","Monocytes"
"3957","Monocytes"
"3958","Effector CD8+ T"
"3959","Effector CD8+ T"
"3960","NK"
"3961","Naive CD4+ T"
"3962","Naive CD8+ T"
"3963","Effector CD4+ T"
"3964","Effector CD4+ T"
"3965","Effector CD8+ T"
"3966","NK"
"3967","Effector CD8+ T"
"3968","NK"
"3969","Effector CD8+ T"
"3970","Naive CD4+ T"
"3971","Naive CD4+ T"
"3972","Monocytes"
"3973","Effector CD4+ T"
"3974","Naive CD4+ T"
"3975","Naive CD4+ T"
"3976","Naive CD4+ T"
"3977","B"
"3978","Effector CD4+ T"
"3979","Effector CD4+ T"
"3980","Naive CD8+ T"
"3981","Naive CD4+ T"
"3982","B"
"3983","Naive CD4+ T"
"3984","Naive CD8+ T"
"3985","Effector CD4+ T"
"3986","Effector CD4+ T"
"3987","Naive CD4+ T"
"3988","Monocytes"
"3989","Effector CD4+ T"
"3990","Effector CD4+ T"
"3991","B"
"3992","Naive CD4+ T"
"3993","Naive CD8+ T"
"3994","Monocytes"
"3995","Effector CD8+ T"
"3996","B"
"3997","Effector CD4+ T"
"3998","Naive CD8+ T"
"3999","Naive CD8+ T"
"4000","Naive CD4+ T"
"4001","NK"
"4002","Effector CD4+ T"
"4003","Naive CD4+ T"
"4004","B"
"4005","B"
"4006","Naive CD8+ T"
"4007","Naive CD8+ T"
"4008","Naive CD4+ T"
"4009","Effector CD4+ T"
"4010","Naive CD4+ T"
"4011","Naive CD4+ T"
"4012","Effector CD4+ T"
"4013","Effector CD4+ T"
"4014","Naive CD4+ T"
"4015","NK"
"4016","Naive CD4+ T"
"4017","Naive CD4+ T"
"4018","Monocytes"
"4019","Naive CD4+ T"
"4020","B"
"4021","Naive CD4+ T"
"4022","NK"
"4023","Naive CD4+ T"
"4024","Naive CD4+ T"
"4025","Effector CD4+ T"
"4026","NK"
"4027","NK"
"4028","NK"
"4029","Effector CD8+ T"
"4030","Naive CD8+ T"
"4031","Effector CD4+ T"
"4032","Effector CD4+ T"
"4033","Effector CD4+ T"
"4034","Naive CD4+ T"
"4035","Naive CD4+ T"
"4036","Naive CD4+ T"
"4037","Effector CD4+ T"
"4038","Naive CD4+ T"
"4039","Naive CD8+ T"
"4040","NK"
"4041","Naive CD4+ T"
"4042","Effector CD4+ T"
"4043","Effector CD4+ T"
"4044","Monocytes"
"4045","Effector CD4+ T"
"4046","NK"
"4047","Monocytes"
"4048","Naive CD4+ T"
"4049","Effector CD4+ T"
"4050","Naive CD4+ T"
"4051","Naive CD4+ T"
"4052","Naive CD4+ T"
"4053","Effector CD8+ T"
"4054","Effector CD4+ T"
"4055","Naive CD8+ T"
"4056","Naive CD4+ T"
"4057","Effector CD4+ T"
"4058","Monocytes"
"4059","Naive CD4+ T"
"4060","Naive CD8+ T"
"4061","Naive CD4+ T"
"4062","Effector CD4+ T"
"4063","Naive CD8+ T"
"4064","Effector CD8+ T"
"4065","B"
"4066","Naive CD4+ T"
"4067","NK"
"4068","B"
"4069","Naive CD4+ T"
"4070","Effector CD8+ T"
"4071","Effector CD4+ T"
"4072","B"
"4073","B"
"4074","B"
"4075","Effector CD8+ T"
"4076","Naive CD4+ T"
"4077","Effector CD8+ T"
"4078","Effector CD8+ T"
"4079","Naive CD4+ T"
"4080","Naive CD4+ T"
"4081","Effector CD4+ T"
"4082","Effector CD8+ T"
"4083","Naive CD8+ T"
"4084","Effector CD4+ T"
"4085","Naive CD8+ T"
"4086","Effector CD4+ T"
"4087","Naive CD8+ T"
"4088","Naive CD4+ T"
"4089","NK"
"4090","Naive CD4+ T"
"4091","Naive CD4+ T"
"4092","Effector CD4+ T"
"4093","Naive CD4+ T"
"4094","Effector CD4+ T"
"4095","Naive CD4+ T"
"4096","Effector CD4+ T"
"4097","NK"
"4098","Naive CD4+ T"
"4099","B"
"4100","NK"
"4101","Effector CD4+ T"
"4102","Effector CD8+ T"
"4103","Effector CD4+ T"
"4104","Effector CD4+ T"
"4105","B"
"4106","Naive CD4+ T"
"4107","Naive CD4+ T"
"4108","NK"
"4109","Naive CD4+ T"
"4110","Naive CD4+ T"
"4111","Naive CD4+ T"
"4112","Naive CD8+ T"
"4113","Naive CD4+ T"
"4114","Monocytes"
"4115","Naive CD4+ T"
"4116","Effector CD4+ T"
"4117","Naive CD8+ T"
"4118","Effector CD4+ T"
"4119","Naive CD4+ T"
"4120","Naive CD4+ T"
"4121","NK"
"4122","NK"
"4123","Effector CD8+ T"
"4124","B"
"4125","Effector CD8+ T"
"4126","Effector CD8+ T"
"4127","Effector CD8+ T"
"4128","NK"
"4129","Monocytes"
"4130","Naive CD4+ T"
"4131","Naive CD8+ T"
"4132","Effector CD4+ T"
"4133","Naive CD4+ T"
"4134","Effector CD4+ T"
"4135","Naive CD4+ T"
"4136","Naive CD8+ T"
"4137","NK"
"4138","Naive CD8+ T"
"4139","NK"
"4140","Naive CD4+ T"
"4141","Naive CD4+ T"
"4142","Monocytes"
"4143","Naive CD8+ T"
"4144","NK"
"4145","Naive CD4+ T"
"4146","Naive CD8+ T"
"4147","Effector CD4+ T"
"4148","Naive CD8+ T"
"4149","Naive CD4+ T"
"4150","Naive CD4+ T"
"4151","NK"
"4152","Naive CD4+ T"
"4153","Naive CD4+ T"
"4154","Naive CD8+ T"
"4155","Naive CD8+ T"
"4156","Naive CD4+ T"
"4157","Naive CD4+ T"
"4158","Naive CD4+ T"
"4159","Effector CD8+ T"
"4160","Effector CD4+ T"
"4161","Effector CD4+ T"
"4162","Naive CD4+ T"
"4163","Effector CD4+ T"
"4164","NK"
"4165","Naive CD4+ T"
"4166","Monocytes"
"4167","Naive CD8+ T"
"4168","B"
"4169","B"
"4170","Naive CD4+ T"
"4171","NK"
"4172","Effector CD4+ T"
"4173","B"
"4174","Effector CD4+ T"
"4175","Effector CD8+ T"
"4176","Effector CD8+ T"
"4177","Naive CD8+ T"
"4178","Naive CD4+ T"
"4179","Naive CD8+ T"
"4180","Effector CD4+ T"
"4181","Naive CD4+ T"
"4182","Naive CD4+ T"
"4183","B"
"4184","Effector CD8+ T"
"4185","Naive CD8+ T"
"4186","Naive CD4+ T"
"4187","Naive CD4+ T"
"4188","Effector CD4+ T"
"4189","Naive CD4+ T"
"4190","Naive CD4+ T"
"4191","Naive CD8+ T"
"4192","Effector CD4+ T"
"4193","Effector CD4+ T"
"4194","Effector CD4+ T"
"4195","NK"
"4196","NK"
"4197","Naive CD8+ T"
"4198","Naive CD4+ T"
"4199","Monocytes"
"4200","Effector CD8+ T"
"4201","Effector CD4+ T"
"4202","Monocytes"
"4203","Naive CD4+ T"
"4204","Monocytes"
"4205","NK"
"4206","Naive CD4+ T"
"4207","Naive CD4+ T"
"4208","Monocytes"
"4209","Naive CD4+ T"
"4210","Naive CD8+ T"
"4211","NK"
"4212","Naive CD8+ T"
"4213","Effector CD8+ T"
"4214","NK"
"4215","Effector CD4+ T"
"4216","Naive CD8+ T"
"4217","Naive CD4+ T"
"4218","Naive CD4+ T"
"4219","Effector CD4+ T"
"4220","Effector CD4+ T"
"4221","Naive CD8+ T"
"4222","NK"
"4223","B"
"4224","B"
"4225","Monocytes"
"4226","NK"
"4227","Naive CD4+ T"
"4228","NK"
"4229","Effector CD4+ T"
"4230","Naive CD8+ T"
"4231","Naive CD4+ T"
"4232","Naive CD4+ T"
"4233","Effector CD4+ T"
"4234","NK"
"4235","Naive CD8+ T"
"4236","Naive CD4+ T"
"4237","Naive CD8+ T"
"4238","NK"
"4239","Naive CD8+ T"
"4240","Monocytes"
"4241","Naive CD4+ T"
"4242","Effector CD8+ T"
"4243","Naive CD4+ T"
"4244","Effector CD4+ T"
"4245","Naive CD4+ T"
"4246","Naive CD4+ T"
"4247","NK"
"4248","Naive CD8+ T"
"4249","Naive CD4+ T"
"4250","NK"
"4251","Naive CD4+ T"
"4252","Effector CD4+ T"
"4253","B"
"4254","B"
"4255","NK"
"4256","Effector CD8+ T"
"4257","Naive CD4+ T"
"4258","Naive CD4+ T"
"4259","Effector CD8+ T"
"4260","Naive CD4+ T"
"4261","Effector CD4+ T"
"4262","Naive CD4+ T"
"4263","NK"
"4264","Naive CD4+ T"
"4265","B"
"4266","NK"
"4267","Effector CD4+ T"
"4268","Naive CD4+ T"
"4269","Effector CD4+ T"
"4270","Effector CD8+ T"
"4271","Monocytes"
"4272","Naive CD4+ T"
"4273","NK"
"4274","Effector CD4+ T"
"4275","Naive CD4+ T"
"4276","Effector CD4+ T"
"4277","Effector CD8+ T"
"4278","Effector CD4+ T"
"4279","Naive CD4+ T"
"4280","Naive CD4+ T"
"4281","NK"
"4282","Naive CD4+ T"
"4283","B"
"4284","Naive CD4+ T"
"4285","Effector CD4+ T"
"4286","NK"
"4287","Naive CD4+ T"
"4288","Naive CD4+ T"
"4289","Naive CD4+ T"
"4290","Naive CD8+ T"
"4291","Naive CD8+ T"
"4292","Naive CD4+ T"
"4293","Naive CD4+ T"
"4294","Naive CD8+ T"
"4295","Naive CD8+ T"
"4296","Naive CD8+ T"
"4297","NK"
"4298","Naive CD8+ T"
"4299","Monocytes"
"4300","Naive CD8+ T"
"4301","Effector CD4+ T"
"4302","Effector CD4+ T"
"4303","Naive CD4+ T"
"4304","Effector CD4+ T"
"4305","NK"
"4306","Naive CD8+ T"
"4307","Monocytes"
"4308","Naive CD8+ T"
"4309","B"
"4310","B"
"4311","Effector CD4+ T"
"4312","Effector CD4+ T"
"4313","Effector CD4+ T"
"4314","NK"
"4315","Naive CD8+ T"
"4316","Effector CD8+ T"
"4317","Effector CD4+ T"
"4318","Naive CD4+ T"
"4319","Naive CD4+ T"
"4320","Effector CD4+ T"
"4321","Naive CD8+ T"
"4322","Naive CD4+ T"
"4323","Effector CD4+ T"
"4324","NK"
"4325","Naive CD4+ T"
"4326","Naive CD4+ T"
"4327","Effector CD4+ T"
"4328","Effector CD4+ T"
"4329","Effector CD4+ T"
"4330","Effector CD4+ T"
"4331","Effector CD4+ T"
"4332","B"
"4333","Naive CD8+ T"
"4334","Naive CD8+ T"
"4335","Naive CD8+ T"
"4336","Effector CD4+ T"
"4337","Naive CD4+ T"
"4338","Naive CD4+ T"
"4339","NK"
"4340","Effector CD4+ T"
"4341","Effector CD4+ T"
"4342","Effector CD4+ T"
"4343","Effector CD4+ T"
"4344","Naive CD8+ T"
"4345","Naive CD8+ T"
"4346","Naive CD4+ T"
"4347","Naive CD4+ T"
"4348","NK"
"4349","Effector CD4+ T"
"4350","Effector CD8+ T"
"4351","Effector CD4+ T"
"4352","NK"
"4353","Effector CD4+ T"
"4354","Naive CD8+ T"
"4355","Effector CD8+ T"
"4356","Naive CD8+ T"
"4357","NK"
"4358","Effector CD4+ T"
"4359","Effector CD4+ T"
"4360","Effector CD8+ T"
"4361","Naive CD8+ T"
"4362","Effector CD4+ T"
"4363","Effector CD4+ T"
"4364","Naive CD4+ T"
"4365","Effector CD4+ T"
"4366","Effector CD4+ T"
"4367","Naive CD8+ T"
"4368","Naive CD4+ T"
"4369","Naive CD4+ T"
"4370","B"
"4371","B"
"4372","Naive CD4+ T"
"4373","NK"
"4374","Naive CD4+ T"
"4375","Naive CD4+ T"
"4376","NK"
"4377","Naive CD4+ T"
"4378","Naive CD4+ T"
"4379","Naive CD8+ T"
"4380","Effector CD4+ T"
"4381","Effector CD4+ T"
"4382","Naive CD4+ T"
"4383","NK"
"4384","Naive CD8+ T"
"4385","Naive CD8+ T"
"4386","Effector CD4+ T"
"4387","Naive CD4+ T"
"4388","NK"
"4389","Effector CD8+ T"
"4390","Effector CD4+ T"
"4391","Naive CD4+ T"
"4392","Naive CD4+ T"
"4393","Effector CD8+ T"
"4394","Naive CD4+ T"
"4395","Naive CD4+ T"
"4396","Effector CD4+ T"
"4397","Naive CD4+ T"
"4398","Monocytes"
"4399","Naive CD8+ T"
"4400","Naive CD8+ T"
"4401","Naive CD8+ T"
"4402","Effector CD4+ T"
"4403","Effector CD4+ T"
"4404","Effector CD8+ T"
"4405","NK"
"4406","Effector CD4+ T"
"4407","Effector CD8+ T"
"4408","Effector CD4+ T"
"4409","Effector CD4+ T"
"4410","NK"
"4411","Naive CD8+ T"
"4412","Naive CD8+ T"
"4413","Effector CD4+ T"
"4414","NK"
"4415","Effector CD4+ T"
"4416","Naive CD8+ T"
"4417","Naive CD8+ T"
"4418","Effector CD4+ T"
"4419","Effector CD4+ T"
"4420","Naive CD4+ T"
"4421","Naive CD4+ T"
"4422","NK"
"4423","Effector CD4+ T"
"4424","Naive CD8+ T"
"4425","Naive CD8+ T"
"4426","Effector CD8+ T"
"4427","Naive CD8+ T"
"4428","Naive CD4+ T"
"4429","NK"
"4430","Effector CD4+ T"
"4431","Naive CD4+ T"
"4432","Effector CD4+ T"
"4433","NK"
"4434","Effector CD4+ T"
"4435","Naive CD4+ T"
"4436","Naive CD4+ T"
"4437","Naive CD4+ T"
"4438","Naive CD8+ T"
"4439","Naive CD8+ T"
"4440","B"
"4441","Effector CD8+ T"
"4442","Naive CD4+ T"
"4443","NK"
"4444","Naive CD4+ T"
"4445","Effector CD8+ T"
"4446","Naive CD4+ T"
"4447","Naive CD4+ T"
"4448","Naive CD4+ T"
"4449","Naive CD4+ T"
"4450","Naive CD8+ T"
"4451","Naive CD4+ T"
"4452","Naive CD4+ T"
"4453","Effector CD4+ T"
"4454","Naive CD4+ T"
"4455","Naive CD4+ T"
"4456","Naive CD8+ T"
"4457","Naive CD8+ T"
"4458","Naive CD4+ T"
"4459","Naive CD8+ T"
"4460","Naive CD4+ T"
"4461","Effector CD8+ T"
"4462","NK"
"4463","Naive CD4+ T"
"4464","Naive CD8+ T"
"4465","Effector CD4+ T"
"4466","Naive CD4+ T"
"4467","Naive CD8+ T"
"4468","Naive CD4+ T"
"4469","Effector CD4+ T"
"4470","Naive CD4+ T"
"4471","Naive CD4+ T"
"4472","Naive CD4+ T"
"4473","Naive CD4+ T"
"4474","Effector CD4+ T"
"4475","Naive CD4+ T"
"4476","Naive CD4+ T"
"4477","Effector CD4+ T"
"4478","NK"
"4479","Monocytes"
"4480","NK"
"4481","Naive CD4+ T"
"4482","Naive CD8+ T"
"4483","Monocytes"
"4484","Effector CD4+ T"
"4485","Effector CD4+ T"
"4486","Effector CD4+ T"
"4487","Effector CD4+ T"
"4488","NK"
"4489","NK"
"4490","Naive CD8+ T"
"4491","Naive CD4+ T"
"4492","Effector CD4+ T"
"4493","B"
"4494","NK"
"4495","Effector CD4+ T"
"4496","B"
"4497","Naive CD4+ T"
"4498","Naive CD4+ T"
"4499","Naive CD8+ T"
"4500","B"
"4501","B"
"4502","Effector CD4+ T"
"4503","Effector CD4+ T"
"4504","Naive CD4+ T"
"4505","Naive CD4+ T"
"4506","Naive CD4+ T"
"4507","Naive CD4+ T"
"4508","Naive CD4+ T"
"4509","Monocytes"
"4510","Effector CD4+ T"
"4511","Effector CD4+ T"
"4512","Naive CD4+ T"
"4513","Naive CD4+ T"
"4514","Naive CD8+ T"
"4515","Effector CD4+ T"
"4516","Naive CD8+ T"
"4517","Effector CD4+ T"
"4518","Naive CD4+ T"
"4519","Naive CD8+ T"
"4520","Effector CD8+ T"
"4521","Naive CD4+ T"
"4522","NK"
"4523","Naive CD4+ T"
"4524","NK"
"4525","Effector CD4+ T"
"4526","Effector CD4+ T"
"4527","Effector CD4+ T"
"4528","Naive CD8+ T"
"4529","Effector CD8+ T"
"4530","Naive CD4+ T"
"4531","Naive CD4+ T"
"4532","NK"
"4533","Effector CD4+ T"
"4534","Naive CD8+ T"
"4535","Naive CD4+ T"
"4536","Effector CD8+ T"
"4537","Effector CD4+ T"
"4538","Effector CD8+ T"
"4539","B"
"4540","Naive CD4+ T"
"4541","Naive CD4+ T"
"4542","Effector CD4+ T"
"4543","Effector CD4+ T"
"4544","Naive CD4+ T"
"4545","NK"
"4546","NK"
"4547","B"
"4548","Effector CD4+ T"
"4549","Naive CD4+ T"
"4550","Naive CD4+ T"
"4551","Naive CD8+ T"
"4552","Naive CD8+ T"
"4553","NK"
"4554","Naive CD8+ T"
"4555","NK"
"4556","Naive CD4+ T"
"4557","Effector CD4+ T"
"4558","Naive CD4+ T"
"4559","NK"
"4560","Naive CD4+ T"
"4561","Naive CD4+ T"
"4562","Naive CD4+ T"
"4563","Effector CD4+ T"
"4564","Naive CD4+ T"
"4565","Naive CD4+ T"
"4566","Effector CD4+ T"
"4567","Naive CD4+ T"
"4568","Naive CD4+ T"
"4569","Effector CD4+ T"
"4570","Effector CD4+ T"
"4571","Effector CD4+ T"
"4572","Naive CD4+ T"
"4573","Effector CD4+ T"
"4574","NK"
"4575","Effector CD4+ T"
"4576","Naive CD4+ T"
"4577","Naive CD4+ T"
"4578","Naive CD4+ T"
"4579","Naive CD8+ T"
"4580","Effector CD4+ T"
"4581","Naive CD4+ T"
"4582","B"
"4583","Effector CD8+ T"
"4584","Effector CD8+ T"
"4585","Monocytes"
"4586","Naive CD8+ T"
"4587","Effector CD4+ T"
"4588","Effector CD4+ T"
"4589","B"
"4590","Effector CD8+ T"
"4591","Naive CD8+ T"
"4592","Monocytes"
"4593","Naive CD4+ T"
"4594","NK"
"4595","Naive CD4+ T"
"4596","B"
"4597","Naive CD4+ T"
"4598","Naive CD4+ T"
"4599","Effector CD8+ T"
"4600","Effector CD4+ T"
"4601","Naive CD4+ T"
"4602","Effector CD8+ T"
"4603","Naive CD8+ T"
"4604","Effector CD8+ T"
"4605","NK"
"4606","NK"
"4607","Naive CD4+ T"
"4608","Naive CD4+ T"
"4609","Effector CD4+ T"
"4610","Naive CD8+ T"
"4611","Effector CD8+ T"
"4612","Naive CD4+ T"
"4613","Naive CD4+ T"
"4614","Effector CD8+ T"
"4615","Effector CD4+ T"
"4616","Effector CD4+ T"
"4617","Monocytes"
"4618","Effector CD4+ T"
"4619","NK"
"4620","Naive CD4+ T"
"4621","Naive CD8+ T"
"4622","Naive CD8+ T"
"4623","Naive CD8+ T"
"4624","NK"
"4625","Naive CD4+ T"
"4626","Naive CD4+ T"
"4627","Effector CD4+ T"
"4628","Effector CD4+ T"
"4629","Effector CD4+ T"
"4630","Effector CD4+ T"
"4631","NK"
"4632","Naive CD4+ T"
"4633","Naive CD8+ T"
"4634","Monocytes"
"4635","Naive CD4+ T"
"4636","Naive CD4+ T"
"4637","Effector CD4+ T"
"4638","Naive CD4+ T"
"4639","NK"
"4640","Naive CD4+ T"
"4641","Effector CD8+ T"
"4642","Naive CD8+ T"
"4643","Effector CD4+ T"
"4644","NK"
